STATION,NAME,LATITUDE,LONGITUDE,ELEVATION,DATE,AWND,AWND_ATTRIBUTES,DAPR,DAPR_ATTRIBUTES,DASF,DASF_ATTRIBUTES,MDPR,MDPR_ATTRIBUTES,MDSF,MDSF_ATTRIBUTES,PGTM,PGTM_ATTRIBUTES,PRCP,PRCP_ATTRIBUTES,PSUN,PSUN_ATTRIBUTES,SNOW,SNOW_ATTRIBUTES,SNWD,SNWD_ATTRIBUTES,TAVG,TAVG_ATTRIBUTES,TMAX,TMAX_ATTRIBUTES,TMIN,TMIN_ATTRIBUTES,TOBS,TOBS_ATTRIBUTES,TSUN,TSUN_ATTRIBUTES,WDF2,WDF2_ATTRIBUTES,WDF5,WDF5_ATTRIBUTES,WESD,WESD_ATTRIBUTES,WESF,WESF_ATTRIBUTES,WSF2,WSF2_ATTRIBUTES,WSF5,WSF5_ATTRIBUTES,WT01,WT01_ATTRIBUTES,WT02,WT02_ATTRIBUTES,WT03,WT03_ATTRIBUTES,WT04,WT04_ATTRIBUTES,WT05,WT05_ATTRIBUTES,WT06,WT06_ATTRIBUTES,WT08,WT08_ATTRIBUTES,WT09,WT09_ATTRIBUTES,WT11,WT11_ATTRIBUTES
USW00054787,"FARMINGDALE REPUBLIC AIRPORT, NY US",40.73443,-73.41637,22.8,2015-01-01,6.0,",,W",,,,,,,,,1441.0,",,W",0.0,",,W",,,,,,,,,4.4,",,W",-3.2,",,W",,,,,250.0,",,W",250.0,",,W",,,,,10.7,",,W",13.9,",,W",,,,,,,,,,,,,,,,,,
USW00054787,"FARMINGDALE REPUBLIC AIRPORT, NY US",40.73443,-73.41637,22.8,2015-01-02,4.5,",,W",,,,,,,,,1036.0,",,W",0.0,",,W",,,,,,,,,6.1,",,W",0.6,",,W",,,,,270.0,",,W",280.0,",,W",,,,,10.3,",,W",13.0,",,W",,,,,,,,,,,,,,,,,,
USW00054787,"FARMINGDALE REPUBLIC AIRPORT, NY US",40.73443,-73.41637,22.8,2015-01-03,3.8,",,W",,,,,,,,,1710.0,",,W",15.7,",,W",,,,,,,,,8.9,",,W",-2.7,",,W",,,,,110.0,",,W",110.0,",,W",,,,,7.6,",,W",10.3,",,W",,,,,,,,,,,,,,,,,,
USW00054787,"FARMINGDALE REPUBLIC AIRPORT, NY US",40.73443,-73.41637,22.8,2015-01-04,4.3,",,W",,,,,,,,,2339.0,",,W",10.4,",,W",,,,,,,,,12.2,",,W",6.1,",,W",,,,,280.0,",,W",290.0,",,W",,,,,14.8,",,W",22.4,",,W",,,,,,,,,,,,,,,,,,
USW00054787,"FARMINGDALE REPUBLIC AIRPORT, NY US",40.73443,-73.41637,22.8,2015-01-05,7.1,",,W",,,,,,,,,4.0,",,W",0.0,",,W",,,,,,,,,10.6,",,W",-6.0,",,W",,,,,290.0,",,W",300.0,",,W",,,,,13.4,",,W",18.3,",,W",,,,,,,,,,,,,,,,,,
USW00054787,"FARMINGDALE REPUBLIC AIRPORT, NY US",40.73443,-73.41637,22.8,2015-01-06,1.7,",,W",,,,,,,,,39.0,",,W",0.3,",,W",,,,,,,,,-5.5,",,W",-8.8,",,W",,,,,320.0,",,W",300.0,",,W",,,,,5.8,",,W",8.5,",,W",,,,,,,,,,,,,,,,,,
USW00054787,"FARMINGDALE REPUBLIC AIRPORT, NY US",40.73443,-73.41637,22.8,2015-01-07,6.7,",,W",,,,,,,,,1822.0,",,W",0.0,"T,,W",,,,,,,,,-4.3,",,W",-12.7,",,W",,,,,280.0,",,W",320.0,",,W",,,,,12.5,",,W",18.3,",,W",,,,,,,,,,,,,,,,,,
USW00054787,"FARMINGDALE REPUBLIC AIRPORT, NY US",40.73443,-73.41637,22.8,2015-01-08,5.3,",,W",,,,,,,,,8.0,",,W",0.0,",,W",,,,,,,,,-6.0,",,W",-13.8,",,W",,,,,320.0,",,W",320.0,",,W",,,,,9.8,",,W",15.2,",,W",,,,,,,,,,,,,,,,,,
USW00054787,"FARMINGDALE REPUBLIC AIRPORT, NY US",40.73443,-73.41637,22.8,2015-01-09,7.0,",,W",,,,,,,,,503.0,",,W",0.3,",,W",,,,,,,,,0.6,",,W",-7.1,",,W",,,,,220.0,",,W",210.0,",,W",,,,,13.4,",,W",17.4,",,W",,,,,,,,,,,,,,,,,,
USW00054787,"FARMINGDALE REPUBLIC AIRPORT, NY US",40.73443,-73.41637,22.8,2015-01-10,4.9,",,W",,,,,,,,,2058.0,",,W",0.0,",,W",,,,,,,,,-4.9,",,W",-8.2,",,W",,,,,270.0,",,W",270.0,",,W",,,,,8.1,",,W",10.7,",,W",,,,,,,,,,,,,,,,,,
USW00054787,"FARMINGDALE REPUBLIC AIRPORT, NY US",40.73443,-73.41637,22.8,2015-01-11,3.8,",,W",,,,,,,,,1431.0,",,W",0.0,",,W",,,,,,,,,2.8,",,W",-7.7,",,W",,,,,200.0,",,W",190.0,",,W",,,,,9.4,",,W",11.6,",,W",,,,,,,,,,,,,,,,,,
USW00054787,"FARMINGDALE REPUBLIC AIRPORT, NY US",40.73443,-73.41637,22.8,2015-01-12,2.2,",,W",,,,,,,,,843.0,",,W",16.5,",,W",,,,,,,,,3.3,",,W",1.7,",,W",,,,,230.0,",,W",230.0,",,W",,,,,6.3,",,W",8.5,",,W",,,,,,,,,,,,,,,,,,
USW00054787,"FARMINGDALE REPUBLIC AIRPORT, NY US",40.73443,-73.41637,22.8,2015-01-13,5.8,",,W",,,,,,,,,748.0,",,W",0.0,",,W",,,,,,,,,2.8,",,W",-7.1,",,W",,,,,10.0,",,W",10.0,",,W",,,,,9.8,",,W",14.3,",,W",,,,,,,,,,,,,,,,,,
USW00054787,"FARMINGDALE REPUBLIC AIRPORT, NY US",40.73443,-73.41637,22.8,2015-01-14,4.6,",,W",,,,,,,,,659.0,",,W",0.0,",,W",,,,,,,,,-1.0,",,W",-6.6,",,W",,,,,40.0,",,W",40.0,",,W",,,,,7.2,",,W",8.9,",,W",,,,,,,,,,,,,,,,,,
USW00054787,"FARMINGDALE REPUBLIC AIRPORT, NY US",40.73443,-73.41637,22.8,2015-01-15,3.0,",,W",,,,,,,,,1509.0,",,W",0.0,",,W",,,,,,,,,1.1,",,W",-4.3,",,W",,,,,260.0,",,W",320.0,",,W",,,,,6.3,",,W",8.1,",,W",,,,,,,,,,,,,,,,,,
USW00054787,"FARMINGDALE REPUBLIC AIRPORT, NY US",40.73443,-73.41637,22.8,2015-01-16,6.4,",,W",,,,,,,,,1813.0,",,W",0.0,",,W",,,,,,,,,6.7,",,W",-6.6,",,W",,,,,330.0,",,W",310.0,",,W",,,,,13.0,",,W",17.0,",,W",,,,,,,,,,,,,,,,,,
USW00054787,"FARMINGDALE REPUBLIC AIRPORT, NY US",40.73443,-73.41637,22.8,2015-01-17,3.2,",,W",,,,,,,,,44.0,",,W",0.0,",,W",,,,,,,,,0.6,",,W",-8.8,",,W",,,,,330.0,",,W",330.0,",,W",,,,,6.3,",,W",8.1,",,W",,,,,,,,,,,,,,,,,,
USW00054787,"FARMINGDALE REPUBLIC AIRPORT, NY US",40.73443,-73.41637,22.8,2015-01-18,1.7,",,W",,,,,,,,,1618.0,",,W",32.5,",,W",,,,,,,,,10.0,",,W",-4.9,",,W",,,,,290.0,",,W",300.0,",,W",,,,,13.0,",,W",17.9,",,W",,,,,,,,,,,,,,,,,,
USW00054787,"FARMINGDALE REPUBLIC AIRPORT, NY US",40.73443,-73.41637,22.8,2015-01-19,5.4,",,W",,,,,,,,,1748.0,",,W",0.0,",,W",,,,,,,,,6.1,",,W",2.2,",,W",,,,,290.0,",,W",310.0,",,W",,,,,10.3,",,W",15.2,",,W",,,,,,,,,,,,,,,,,,
USW00054787,"FARMINGDALE REPUBLIC AIRPORT, NY US",40.73443,-73.41637,22.8,2015-01-20,3.1,",,W",,,,,,,,,1047.0,",,W",0.0,",,W",,,,,,,,,4.4,",,W",-0.5,",,W",,,,,310.0,",,W",330.0,",,W",,,,,5.8,",,W",10.3,",,W",,,,,,,,,,,,,,,,,,
USW00054787,"FARMINGDALE REPUBLIC AIRPORT, NY US",40.73443,-73.41637,22.8,2015-01-21,2.1,",,W",,,,,,,,,656.0,",,W",0.0,",,W",,,,,,,,,2.8,",,W",-4.3,",,W",,,,,10.0,",,W",20.0,",,W",,,,,5.8,",,W",8.1,",,W",,,,,,,,,,,,,,,,,,
USW00054787,"FARMINGDALE REPUBLIC AIRPORT, NY US",40.73443,-73.41637,22.8,2015-01-22,3.0,",,W",,,,,,,,,1423.0,",,W",0.0,",,W",,,,,,,,,3.9,",,W",-1.0,",,W",,,,,330.0,",,W",340.0,",,W",,,,,5.8,",,W",7.2,",,W",,,,,,,,,,,,,,,,,,
USW00054787,"FARMINGDALE REPUBLIC AIRPORT, NY US",40.73443,-73.41637,22.8,2015-01-23,2.6,",,W",,,,,,,,,1514.0,",,W",0.0,",,W",,,,,,,,,3.3,",,W",-4.9,",,W",,,,,220.0,",,W",210.0,",,W",,,,,7.6,",,W",9.4,",,W",,,,,,,,,,,,,,,,,,
USW00054787,"FARMINGDALE REPUBLIC AIRPORT, NY US",40.73443,-73.41637,22.8,2015-01-24,4.1,",,W",,,,,,,,,2322.0,",,W",17.3,",,W",,,,,,,,,2.8,",,W",0.6,",,W",,,,,290.0,",,W",300.0,",,W",,,,,7.6,",,W",10.7,",,W",,,,,,,,,,,,,,,,,,
USW00054787,"FARMINGDALE REPUBLIC AIRPORT, NY US",40.73443,-73.41637,22.8,2015-01-25,5.1,",,W",,,,,,,,,1225.0,",,W",0.0,",,W",,,,,,,,,6.1,",,W",-1.6,",,W",,,,,270.0,",,W",300.0,",,W",,,,,10.3,",,W",13.4,",,W",,,,,,,,,,,,,,,,,,
USW00054787,"FARMINGDALE REPUBLIC AIRPORT, NY US",40.73443,-73.41637,22.8,2015-01-26,7.4,",,W",,,,,,,,,2339.0,",,W",2.8,",,W",,,,,,,,,-1.6,",,W",-4.3,",,W",,,,,30.0,",,W",20.0,",,W",,,,,14.3,",,W",17.9,",,W",,,,,,,,,,,,,,,,,,
USW00054787,"FARMINGDALE REPUBLIC AIRPORT, NY US",40.73443,-73.41637,22.8,2015-01-27,8.2,",,W",,,,,,,,,343.0,",,W",0.3,",,W",,,,,,,,,-3.2,",,W",-7.7,",,W",,,,,10.0,",,W",10.0,",,W",,,,,15.7,",,W",18.8,",,W",,,,,,,,,,,,,,,,,,
USW00054787,"FARMINGDALE REPUBLIC AIRPORT, NY US",40.73443,-73.41637,22.8,2015-01-28,4.6,",,W",,,,,,,,,1445.0,",,W",0.0,",,W",,,,,,,,,0.0,",,W",-8.8,",,W",,,,,360.0,",,W",10.0,",,W",,,,,10.3,",,W",14.3,",,W",,,,,,,,,,,,,,,,,,
USW00054787,"FARMINGDALE REPUBLIC AIRPORT, NY US",40.73443,-73.41637,22.8,2015-01-29,1.6,",,W",,,,,,,,,2254.0,",,W",0.0,"T,,W",,,,,,,,,2.2,",,W",-11.0,",,W",,,,,350.0,",,W",250.0,",,W",,,,,5.4,",,W",6.7,",,W",,,,,,,,,,,,,,,,,,
USW00054787,"FARMINGDALE REPUBLIC AIRPORT, NY US",40.73443,-73.41637,22.8,2015-01-30,4.8,",,W",,,,,,,,,2105.0,",,W",0.0,"T,,W",,,,,,,,,2.8,",,W",-6.6,",,W",,,,,330.0,",,W",330.0,",,W",,,,,11.6,",,W",17.0,",,W",,,,,,,,,,,,,,,,,,
USW00054787,"FARMINGDALE REPUBLIC AIRPORT, NY US",40.73443,-73.41637,22.8,2015-01-31,6.7,",,W",,,,,,,,,348.0,",,W",0.0,",,W",,,,,,,,,-3.2,",,W",-10.5,",,W",,,,,330.0,",,W",320.0,",,W",,,,,11.6,",,W",17.0,",,W",,,,,,,,,,,,,,,,,,
USW00054787,"FARMINGDALE REPUBLIC AIRPORT, NY US",40.73443,-73.41637,22.8,2015-02-01,2.7,",,W",,,,,,,,,1123.0,",,W",0.3,",,W",,,,,,,,,2.8,",,W",-9.3,",,W",,,,,290.0,",,W",310.0,",,W",,,,,5.8,",,W",8.5,",,W",,,,,,,,,,,,,,,,,,
USW00054787,"FARMINGDALE REPUBLIC AIRPORT, NY US",40.73443,-73.41637,22.8,2015-02-02,6.6,",,W",,,,,,,,,1946.0,",,W",23.6,",,W",,,,,,,,,1.1,",,W",-9.3,",,W",,,,,340.0,",,W",340.0,",,W",,,,,11.2,",,W",14.8,",,W",,,,,,,,,,,,,,,,,,
USW00054787,"FARMINGDALE REPUBLIC AIRPORT, NY US",40.73443,-73.41637,22.8,2015-02-03,3.4,",,W",,,,,,,,,16.0,",,W",0.0,",,W",,,,,,,,,-3.8,",,W",-11.6,",,W",,,,,310.0,",,W",300.0,",,W",,,,,7.2,",,W",11.6,",,W",,,,,,,,,,,,,,,,,,
USW00054787,"FARMINGDALE REPUBLIC AIRPORT, NY US",40.73443,-73.41637,22.8,2015-02-04,4.2,",,W",,,,,,,,,1250.0,",,W",0.0,",,W",,,,,,,,,3.9,",,W",-11.6,",,W",,,,,210.0,",,W",210.0,",,W",,,,,10.3,",,W",13.4,",,W",,,,,,,,,,,,,,,,,,
USW00054787,"FARMINGDALE REPUBLIC AIRPORT, NY US",40.73443,-73.41637,22.8,2015-02-05,5.4,",,W",,,,,,,,,1332.0,",,W",0.0,"T,,W",,,,,,,,,3.3,",,W",-10.5,",,W",,,,,330.0,",,W",320.0,",,W",,,,,10.3,",,W",15.2,",,W",,,,,,,,,,,,,,,,,,
USW00054787,"FARMINGDALE REPUBLIC AIRPORT, NY US",40.73443,-73.41637,22.8,2015-02-06,3.3,",,W",,,,,,,,,1453.0,",,W",0.0,",,W",,,,,,,,,-3.2,",,W",-12.1,",,W",,,,,280.0,",,W",290.0,",,W",,,,,9.8,",,W",12.5,",,W",,,,,,,,,,,,,,,,,,
USW00054787,"FARMINGDALE REPUBLIC AIRPORT, NY US",40.73443,-73.41637,22.8,2015-02-07,2.6,",,W",,,,,,,,,1129.0,",,W",0.0,"T,,W",,,,,,,,,2.8,",,W",-7.7,",,W",,,,,210.0,",,W",240.0,",,W",,,,,5.8,",,W",7.6,",,W",,,,,,,,,,,,,,,,,,
USW00054787,"FARMINGDALE REPUBLIC AIRPORT, NY US",40.73443,-73.41637,22.8,2015-02-08,4.1,",,W",,,,,,,,,2342.0,",,W",0.0,",,W",,,,,,,,,4.4,",,W",-3.8,",,W",,,,,50.0,",,W",30.0,",,W",,,,,8.9,",,W",11.2,",,W",,,,,,,,,,,,,,,,,,
USW00054787,"FARMINGDALE REPUBLIC AIRPORT, NY US",40.73443,-73.41637,22.8,2015-02-09,6.7,",,W",,,,,,,,,229.0,",,W",0.8,",,W",,,,,,,,,-3.2,",,W",-5.5,",,W",,,,,30.0,",,W",30.0,",,W",,,,,10.7,",,W",13.9,",,W",,,,,,,,,,,,,,,,,,
USW00054787,"FARMINGDALE REPUBLIC AIRPORT, NY US",40.73443,-73.41637,22.8,2015-02-10,6.7,",,W",,,,,,,,,235.0,",,W",0.0,",,W",,,,,,,,,2.8,",,W",-4.3,",,W",,,,,30.0,",,W",30.0,",,W",,,,,10.3,",,W",13.4,",,W",,,,,,,,,,,,,,,,,,
USW00054787,"FARMINGDALE REPUBLIC AIRPORT, NY US",40.73443,-73.41637,22.8,2015-02-11,4.4,",,W",,,,,,,,,1040.0,",,W",0.0,",,W",,,,,,,,,-0.5,",,W",-6.0,",,W",,,,,30.0,",,W",40.0,",,W",,,,,10.7,",,W",13.4,",,W",,,,,,,,,,,,,,,,,,
USW00054787,"FARMINGDALE REPUBLIC AIRPORT, NY US",40.73443,-73.41637,22.8,2015-02-12,3.7,",,W",,,,,,,,,2030.0,",,W",0.0,"T,,W",,,,,,,,,2.8,",,W",-7.7,",,W",,,,,330.0,",,W",310.0,",,W",,,,,11.2,",,W",16.1,",,W",,,,,,,,,,,,,,,,,,
USW00054787,"FARMINGDALE REPUBLIC AIRPORT, NY US",40.73443,-73.41637,22.8,2015-02-13,5.3,",,W",,,,,,,,,7.0,",,W",0.0,",,W",,,,,,,,,-6.0,",,W",-12.7,",,W",,,,,320.0,",,W",320.0,",,W",,,,,10.7,",,W",15.7,",,W",,,,,,,,,,,,,,,,,,
USW00054787,"FARMINGDALE REPUBLIC AIRPORT, NY US",40.73443,-73.41637,22.8,2015-02-14,3.4,",,W",,,,,,,,,1525.0,",,W",0.0,"T,,W",,,,,,,,,1.1,",,W",-13.8,",,W",,,,,230.0,",,W",240.0,",,W",,,,,11.2,",,W",15.2,",,W",,,,,,,,,,,,,,,,,,
USW00054787,"FARMINGDALE REPUBLIC AIRPORT, NY US",40.73443,-73.41637,22.8,2015-02-15,8.9,",,W",,,,,,,,,947.0,",,W",0.0,"T,,W",,,,,,,,,-2.7,",,W",-15.5,",,W",,,,,340.0,",,W",340.0,",,W",,,,,13.4,",,W",20.1,",,W",,,,,,,,,,,,,,,,,,
USW00054787,"FARMINGDALE REPUBLIC AIRPORT, NY US",40.73443,-73.41637,22.8,2015-02-16,5.5,",,W",,,,,,,,,55.0,",,W",0.0,",,W",,,,,,,,,-6.6,",,W",-16.0,",,W",,,,,300.0,",,W",320.0,",,W",,,,,11.2,",,W",17.0,",,W",,,,,,,,,,,,,,,,,,
USW00054787,"FARMINGDALE REPUBLIC AIRPORT, NY US",40.73443,-73.41637,22.8,2015-02-17,2.6,",,W",,,,,,,,,1044.0,",,W",1.5,",,W",,,,,,,,,-3.2,",,W",-10.5,",,W",,,,,10.0,",,W",20.0,",,W",,,,,6.7,",,W",9.4,",,W",,,,,,,,,,,,,,,,,,
USW00054787,"FARMINGDALE REPUBLIC AIRPORT, NY US",40.73443,-73.41637,22.8,2015-02-18,1.1,",,W",,,,,,,,,2345.0,",,W",0.0,"T,,W",,,,,,,,,-1.0,",,W",-12.7,",,W",,,,,250.0,",,W",250.0,",,W",,,,,4.5,",,W",5.8,",,W",,,,,,,,,,,,,,,,,,
USW00054787,"FARMINGDALE REPUBLIC AIRPORT, NY US",40.73443,-73.41637,22.8,2015-02-19,6.8,",,W",,,,,,,,,2138.0,",,W",0.0,",,W",,,,,,,,,-3.2,",,W",-13.2,",,W",,,,,300.0,",,W",320.0,",,W",,,,,11.6,",,W",17.4,",,W",,,,,,,,,,,,,,,,,,
USW00054787,"FARMINGDALE REPUBLIC AIRPORT, NY US",40.73443,-73.41637,22.8,2015-02-20,5.7,",,W",,,,,,,,,102.0,",,W",0.0,",,W",,,,,,,,,-7.1,",,W",-16.6,",,W",,,,,300.0,",,W",290.0,",,W",,,,,12.5,",,W",16.5,",,W",,,,,,,,,,,,,,,,,,
USW00054787,"FARMINGDALE REPUBLIC AIRPORT, NY US",40.73443,-73.41637,22.8,2015-02-21,3.8,",,W",,,,,,,,,1551.0,",,W",12.7,",,W",,,,,,,,,0.6,",,W",-16.6,",,W",,,,,220.0,",,W",230.0,",,W",,,,,10.7,",,W",13.9,",,W",,,,,,,,,,,,,,,,,,
USW00054787,"FARMINGDALE REPUBLIC AIRPORT, NY US",40.73443,-73.41637,22.8,2015-02-22,1.1,",,W",,,,,,,,,1754.0,",,W",6.1,",,W",,,,,,,,,5.0,",,W",-0.5,",,W",,,,,230.0,",,W",220.0,",,W",,,,,3.6,",,W",4.5,",,W",,,,,,,,,,,,,,,,,,
USW00054787,"FARMINGDALE REPUBLIC AIRPORT, NY US",40.73443,-73.41637,22.8,2015-02-23,5.6,",,W",,,,,,,,,1308.0,",,W",0.0,",,W",,,,,,,,,2.2,",,W",-13.2,",,W",,,,,330.0,",,W",330.0,",,W",,,,,10.3,",,W",14.3,",,W",,,,,,,,,,,,,,,,,,
USW00054787,"FARMINGDALE REPUBLIC AIRPORT, NY US",40.73443,-73.41637,22.8,2015-02-24,3.3,",,W",,,,,,,,,1531.0,",,W",0.0,",,W",,,,,,,,,-2.7,",,W",-15.5,",,W",,,,,160.0,",,W",150.0,",,W",,,,,7.2,",,W",9.8,",,W",,,,,,,,,,,,,,,,,,
USW00054787,"FARMINGDALE REPUBLIC AIRPORT, NY US",40.73443,-73.41637,22.8,2015-02-25,3.5,",,W",,,,,,,,,1027.0,",,W",0.0,",,W",,,,,,,,,2.8,",,W",-8.2,",,W",,,,,270.0,",,W",300.0,",,W",,,,,9.8,",,W",12.5,",,W",,,,,,,,,,,,,,,,,,
USW00054787,"FARMINGDALE REPUBLIC AIRPORT, NY US",40.73443,-73.41637,22.8,2015-02-26,4.8,",,W",,,,,,,,,1323.0,",,W",0.0,",,W",,,,,,,,,-1.6,",,W",-5.5,",,W",,,,,20.0,",,W",20.0,",,W",,,,,9.8,",,W",12.1,",,W",,,,,,,,,,,,,,,,,,
USW00054787,"FARMINGDALE REPUBLIC AIRPORT, NY US",40.73443,-73.41637,22.8,2015-02-27,3.5,",,W",,,,,,,,,1426.0,",,W",0.0,",,W",,,,,,,,,-2.1,",,W",-7.7,",,W",,,,,10.0,",,W",300.0,",,W",,,,,6.3,",,W",8.9,",,W",,,,,,,,,,,,,,,,,,
USW00054787,"FARMINGDALE REPUBLIC AIRPORT, NY US",40.73443,-73.41637,22.8,2015-02-28,2.2,",,W",,,,,,,,,846.0,",,W",0.0,",,W",,,,,,,,,-2.1,",,W",-10.5,",,W",,,,,360.0,",,W",10.0,",,W",,,,,5.8,",,W",8.1,",,W",,,,,,,,,,,,,,,,,,
USW00054787,"FARMINGDALE REPUBLIC AIRPORT, NY US",40.73443,-73.41637,22.8,2015-03-01,1.2,",,W",,,,,,,,,1200.0,",,W",13.0,",,W",,,,,,,,,-1.0,",,W",-9.9,",,W",,,,,210.0,",,W",200.0,",,W",,,,,6.3,",,W",8.9,",,W",,,,,,,,,,,,,,,,,,
USW00054787,"FARMINGDALE REPUBLIC AIRPORT, NY US",40.73443,-73.41637,22.8,2015-03-02,4.7,",,W",,,,,,,,,1123.0,",,W",0.0,",,W",,,,,,,,,2.8,",,W",-3.2,",,W",,,,,330.0,",,W",330.0,",,W",,,,,10.7,",,W",15.7,",,W",,,,,,,,,,,,,,,,,,
USW00054787,"FARMINGDALE REPUBLIC AIRPORT, NY US",40.73443,-73.41637,22.8,2015-03-03,2.7,",,W",,,,,,,,,2002.0,",,W",13.5,",,W",,,,,,,,,1.7,",,W",-9.3,",,W",,,,,150.0,",,W",190.0,",,W",,,,,6.3,",,W",7.6,",,W",,,,,,,,,,,,,,,,,,
USW00054787,"FARMINGDALE REPUBLIC AIRPORT, NY US",40.73443,-73.41637,22.8,2015-03-04,3.6,",,W",,,,,,,,,144.0,",,W",5.3,",,W",,,,,,,,,6.1,",,W",1.7,",,W",,,,,250.0,",,W",260.0,",,W",,,,,8.1,",,W",11.2,",,W",,,,,,,,,,,,,,,,,,
USW00054787,"FARMINGDALE REPUBLIC AIRPORT, NY US",40.73443,-73.41637,22.8,2015-03-05,4.4,",,W",,,,,,,,,821.0,",,W",8.1,",,W",,,,,,,,,4.4,",,W",-6.6,",,W",,,,,20.0,",,W",30.0,",,W",,,,,8.9,",,W",10.7,",,W",,,,,,,,,,,,,,,,,,
USW00054787,"FARMINGDALE REPUBLIC AIRPORT, NY US",40.73443,-73.41637,22.8,2015-03-06,3.4,",,W",,,,,,,,,300.0,",,W",0.0,",,W",,,,,,,,,-2.7,",,W",-11.0,",,W",,,,,360.0,",,W",350.0,",,W",,,,,8.9,",,W",10.7,",,W",,,,,,,,,,,,,,,,,,
USW00054787,"FARMINGDALE REPUBLIC AIRPORT, NY US",40.73443,-73.41637,22.8,2015-03-07,3.2,",,W",,,,,,,,,1414.0,",,W",0.0,",,W",,,,,,,,,2.8,",,W",-11.0,",,W",,,,,260.0,",,W",250.0,",,W",,,,,10.3,",,W",13.9,",,W",,,,,,,,,,,,,,,,,,
USW00054787,"FARMINGDALE REPUBLIC AIRPORT, NY US",40.73443,-73.41637,22.8,2015-03-08,2.6,",,W",,,,,,,,,1243.0,",,W",0.0,",,W",,,,,,,,,8.9,",,W",-2.1,",,W",,,,,280.0,",,W",280.0,",,W",,,,,11.2,",,W",15.7,",,W",,,,,,,,,,,,,,,,,,
USW00054787,"FARMINGDALE REPUBLIC AIRPORT, NY US",40.73443,-73.41637,22.8,2015-03-09,2.6,",,W",,,,,,,,,1227.0,",,W",0.3,",,W",,,,,,,,,11.7,",,W",-3.2,",,W",,,,,290.0,",,W",290.0,",,W",,,,,7.6,",,W",10.3,",,W",,,,,,,,,,,,,,,,,,
USW00054787,"FARMINGDALE REPUBLIC AIRPORT, NY US",40.73443,-73.41637,22.8,2015-03-10,1.9,",,W",,,,,,,,,1319.0,",,W",11.2,",,W",,,,,,,,,9.4,",,W",-2.1,",,W",,,,,170.0,",,W",170.0,",,W",,,,,5.8,",,W",7.2,",,W",,,,,,,,,,,,,,,,,,
USW00054787,"FARMINGDALE REPUBLIC AIRPORT, NY US",40.73443,-73.41637,22.8,2015-03-11,3.4,",,W",,,,,,,,,2357.0,",,W",0.3,",,W",,,,,,,,,15.0,",,W",5.0,",,W",,,,,310.0,",,W",310.0,",,W",,,,,6.7,",,W",9.8,",,W",,,,,,,,,,,,,,,,,,
USW00054787,"FARMINGDALE REPUBLIC AIRPORT, NY US",40.73443,-73.41637,22.8,2015-03-12,5.8,",,W",,,,,,,,,848.0,",,W",0.0,",,W",,,,,,,,,8.3,",,W",0.0,",,W",,,,,340.0,",,W",360.0,",,W",,,,,11.2,",,W",15.7,",,W",,,,,,,,,,,,,,,,,,
USW00054787,"FARMINGDALE REPUBLIC AIRPORT, NY US",40.73443,-73.41637,22.8,2015-03-13,3.6,",,W",,,,,,,,,1511.0,",,W",0.0,",,W",,,,,,,,,3.9,",,W",-2.1,",,W",,,,,210.0,",,W",210.0,",,W",,,,,7.2,",,W",8.9,",,W",,,,,,,,,,,,,,,,,,
USW00054787,"FARMINGDALE REPUBLIC AIRPORT, NY US",40.73443,-73.41637,22.8,2015-03-14,3.9,",,W",,,,,,,,,1102.0,",,W",24.1,",,W",,,,,,,,,8.9,",,W",3.3,",,W",,,,,160.0,",,W",160.0,",,W",,,,,9.8,",,W",13.0,",,W",,,,,,,,,,,,,,,,,,
USW00054787,"FARMINGDALE REPUBLIC AIRPORT, NY US",40.73443,-73.41637,22.8,2015-03-15,6.5,",,W",,,,,,,,,1322.0,",,W",0.0,",,W",,,,,,,,,7.8,",,W",2.2,",,W",,,,,320.0,",,W",290.0,",,W",,,,,11.6,",,W",17.4,",,W",,,,,,,,,,,,,,,,,,
USW00054787,"FARMINGDALE REPUBLIC AIRPORT, NY US",40.73443,-73.41637,22.8,2015-03-16,3.0,",,W",,,,,,,,,34.0,",,W",0.0,",,W",,,,,,,,,10.0,",,W",0.0,",,W",,,,,340.0,",,W",340.0,",,W",,,,,7.2,",,W",9.8,",,W",,,,,,,,,,,,,,,,,,
USW00054787,"FARMINGDALE REPUBLIC AIRPORT, NY US",40.73443,-73.41637,22.8,2015-03-17,5.2,",,W",,,,,,,,,1617.0,",,W",0.5,",,W",,,,,,,,,13.9,",,W",0.6,",,W",,,,,320.0,",,W",350.0,",,W",,,,,14.3,",,W",20.6,",,W",,,,,,,,,,,,,,,,,,
USW00054787,"FARMINGDALE REPUBLIC AIRPORT, NY US",40.73443,-73.41637,22.8,2015-03-18,6.4,",,W",,,,,,,,,1649.0,",,W",0.0,",,W",,,,,,,,,3.3,",,W",-1.6,",,W",,,,,330.0,",,W",330.0,",,W",,,,,12.5,",,W",17.4,",,W",,,,,,,,,,,,,,,,,,
USW00054787,"FARMINGDALE REPUBLIC AIRPORT, NY US",40.73443,-73.41637,22.8,2015-03-19,3.7,",,W",,,,,,,,,1045.0,",,W",0.0,",,W",,,,,,,,,5.0,",,W",-2.1,",,W",,,,,340.0,",,W",360.0,",,W",,,,,8.1,",,W",11.6,",,W",,,,,,,,,,,,,,,,,,
USW00054787,"FARMINGDALE REPUBLIC AIRPORT, NY US",40.73443,-73.41637,22.8,2015-03-20,3.4,",,W",,,,,,,,,1702.0,",,W",4.3,",,W",,,,,,,,,2.8,",,W",-2.1,",,W",,,,,70.0,",,W",70.0,",,W",,,,,6.7,",,W",9.8,",,W",,,,,,,,,,,,,,,,,,
USW00054787,"FARMINGDALE REPUBLIC AIRPORT, NY US",40.73443,-73.41637,22.8,2015-03-21,3.1,",,W",,,,,,,,,2221.0,",,W",0.0,"T,,W",,,,,,,,,7.8,",,W",-1.6,",,W",,,,,270.0,",,W",330.0,",,W",,,,,6.3,",,W",8.1,",,W",,,,,,,,,,,,,,,,,,
USW00054787,"FARMINGDALE REPUBLIC AIRPORT, NY US",40.73443,-73.41637,22.8,2015-03-22,5.6,",,W",,,,,,,,,1402.0,",,W",0.0,",,W",,,,,,,,,5.6,",,W",-2.7,",,W",,,,,340.0,",,W",290.0,",,W",,,,,10.3,",,W",13.4,",,W",,,,,,,,,,,,,,,,,,
USW00054787,"FARMINGDALE REPUBLIC AIRPORT, NY US",40.73443,-73.41637,22.8,2015-03-23,4.7,",,W",,,,,,,,,1414.0,",,W",0.0,",,W",,,,,,,,,3.3,",,W",-4.9,",,W",,,,,290.0,",,W",270.0,",,W",,,,,9.4,",,W",14.8,",,W",,,,,,,,,,,,,,,,,,
USW00054787,"FARMINGDALE REPUBLIC AIRPORT, NY US",40.73443,-73.41637,22.8,2015-03-24,3.0,",,W",,,,,,,,,549.0,",,W",0.0,",,W",,,,,,,,,6.1,",,W",-3.8,",,W",,,,,10.0,",,W",20.0,",,W",,,,,6.7,",,W",8.1,",,W",,,,,,,,,,,,,,,,,,
USW00054787,"FARMINGDALE REPUBLIC AIRPORT, NY US",40.73443,-73.41637,22.8,2015-03-25,2.4,",,W",,,,,,,,,1401.0,",,W",2.3,",,W",,,,,,,,,7.2,",,W",-3.8,",,W",,,,,180.0,",,W",180.0,",,W",,,,,7.6,",,W",9.8,",,W",,,,,,,,,,,,,,,,,,
USW00054787,"FARMINGDALE REPUBLIC AIRPORT, NY US",40.73443,-73.41637,22.8,2015-03-26,5.1,",,W",,,,,,,,,1639.0,",,W",5.3,",,W",,,,,,,,,13.9,",,W",5.6,",,W",,,,,210.0,",,W",220.0,",,W",,,,,14.3,",,W",19.2,",,W",,,,,,,,,,,,,,,,,,
USW00054787,"FARMINGDALE REPUBLIC AIRPORT, NY US",40.73443,-73.41637,22.8,2015-03-27,3.8,",,W",,,,,,,,,516.0,",,W",2.8,",,W",,,,,,,,,7.8,",,W",3.9,",,W",,,,,340.0,",,W",360.0,",,W",,,,,7.6,",,W",10.7,",,W",,,,,,,,,,,,,,,,,,
USW00054787,"FARMINGDALE REPUBLIC AIRPORT, NY US",40.73443,-73.41637,22.8,2015-03-28,5.8,",,W",,,,,,,,,1349.0,",,W",0.0,"T,,W",,,,,,,,,4.4,",,W",-2.7,",,W",,,,,350.0,",,W",340.0,",,W",,,,,9.4,",,W",13.0,",,W",,,,,,,,,,,,,,,,,,
USW00054787,"FARMINGDALE REPUBLIC AIRPORT, NY US",40.73443,-73.41637,22.8,2015-03-29,4.4,",,W",,,,,,,,,38.0,",,W",0.0,"T,,W",,,,,,,,,6.7,",,W",-3.8,",,W",,,,,340.0,",,W",330.0,",,W",,,,,7.6,",,W",11.2,",,W",,,,,,,,,,,,,,,,,,
USW00054787,"FARMINGDALE REPUBLIC AIRPORT, NY US",40.73443,-73.41637,22.8,2015-03-30,5.2,",,W",,,,,,,,,1507.0,",,W",0.0,"T,,W",,,,,,,,,11.7,",,W",1.1,",,W",,,,,220.0,",,W",300.0,",,W",,,,,9.8,",,W",13.4,",,W",,,,,,,,,,,,,,,,,,
USW00054787,"FARMINGDALE REPUBLIC AIRPORT, NY US",40.73443,-73.41637,22.8,2015-03-31,3.7,",,W",,,,,,,,,729.0,",,W",1.0,",,W",,,,,,,,,8.9,",,W",1.7,",,W",,,,,290.0,",,W",290.0,",,W",,,,,7.6,",,W",9.4,",,W",,,,,,,,,,,,,,,,,,
USW00054787,"FARMINGDALE REPUBLIC AIRPORT, NY US",40.73443,-73.41637,22.8,2015-04-01,4.0,",,W",,,,,,,,,1315.0,",,W",0.0,",,W",,,,,,,,,10.6,",,W",0.6,",,W",,,,,310.0,",,W",300.0,",,W",,,,,8.1,",,W",11.6,",,W",,,,,,,,,,,,,,,,,,
USW00054787,"FARMINGDALE REPUBLIC AIRPORT, NY US",40.73443,-73.41637,22.8,2015-04-02,6.0,",,W",,,,,,,,,1548.0,",,W",0.0,"T,,W",,,,,,,,,13.3,",,W",-1.6,",,W",,,,,210.0,",,W",210.0,",,W",,,,,14.8,",,W",19.2,",,W",,,,,,,,,,,,,,,,,,
USW00054787,"FARMINGDALE REPUBLIC AIRPORT, NY US",40.73443,-73.41637,22.8,2015-04-03,3.4,",,W",,,,,,,,,17.0,",,W",2.5,",,W",,,,,,,,,12.2,",,W",7.8,",,W",,,,,210.0,",,W",210.0,",,W",,,,,7.2,",,W",9.8,",,W",,,,,,,,,,,,,,,,,,
USW00054787,"FARMINGDALE REPUBLIC AIRPORT, NY US",40.73443,-73.41637,22.8,2015-04-04,6.3,",,W",,,,,,,,,1004.0,",,W",0.0,",,W",,,,,,,,,12.2,",,W",5.0,",,W",,,,,330.0,",,W",300.0,",,W",,,,,13.4,",,W",20.6,",,W",,,,,,,,,,,,,,,,,,
USW00054787,"FARMINGDALE REPUBLIC AIRPORT, NY US",40.73443,-73.41637,22.8,2015-04-05,3.1,",,W",,,,,,,,,1031.0,",,W",0.0,",,W",,,,,,,,,15.6,",,W",1.1,",,W",,,,,210.0,",,W",240.0,",,W",,,,,9.4,",,W",13.0,",,W",,,,,,,,,,,,,,,,,,
USW00054787,"FARMINGDALE REPUBLIC AIRPORT, NY US",40.73443,-73.41637,22.8,2015-04-06,4.0,",,W",,,,,,,,,1950.0,",,W",0.0,",,W",,,,,,,,,15.0,",,W",1.7,",,W",,,,,220.0,",,W",230.0,",,W",,,,,11.2,",,W",15.7,",,W",,,,,,,,,,,,,,,,,,
USW00054787,"FARMINGDALE REPUBLIC AIRPORT, NY US",40.73443,-73.41637,22.8,2015-04-07,3.3,",,W",,,,,,,,,2030.0,",,W",2.0,",,W",,,,,,,,,11.1,",,W",5.0,",,W",,,,,40.0,",,W",50.0,",,W",,,,,7.2,",,W",8.9,",,W",,,,,,,,,,,,,,,,,,
USW00054787,"FARMINGDALE REPUBLIC AIRPORT, NY US",40.73443,-73.41637,22.8,2015-04-08,5.5,",,W",,,,,,,,,1222.0,",,W",0.3,",,W",,,,,,,,,8.3,",,W",2.8,",,W",,,,,90.0,",,W",100.0,",,W",,,,,10.7,",,W",14.3,",,W",,,,,,,,,,,,,,,,,,
USW00054787,"FARMINGDALE REPUBLIC AIRPORT, NY US",40.73443,-73.41637,22.8,2015-04-09,4.3,",,W",,,,,,,,,1030.0,",,W",0.0,",,W",,,,,,,,,6.7,",,W",2.2,",,W",,,,,70.0,",,W",60.0,",,W",,,,,7.6,",,W",10.7,",,W",,,,,,,,,,,,,,,,,,
USW00054787,"FARMINGDALE REPUBLIC AIRPORT, NY US",40.73443,-73.41637,22.8,2015-04-10,2.9,",,W",,,,,,,,,40.0,",,W",5.3,",,W",,,,,,,,,12.8,",,W",3.9,",,W",,,,,120.0,",,W",110.0,",,W",,,,,7.2,",,W",9.8,",,W",,,,,,,,,,,,,,,,,,
USW00054787,"FARMINGDALE REPUBLIC AIRPORT, NY US",40.73443,-73.41637,22.8,2015-04-11,5.3,",,W",,,,,,,,,1057.0,",,W",0.0,",,W",,,,,,,,,14.4,",,W",5.6,",,W",,,,,340.0,",,W",320.0,",,W",,,,,10.3,",,W",16.5,",,W",,,,,,,,,,,,,,,,,,
USW00054787,"FARMINGDALE REPUBLIC AIRPORT, NY US",40.73443,-73.41637,22.8,2015-04-12,3.3,",,W",,,,,,,,,1657.0,",,W",0.0,",,W",,,,,,,,,15.6,",,W",2.2,",,W",,,,,210.0,",,W",210.0,",,W",,,,,8.1,",,W",9.8,",,W",,,,,,,,,,,,,,,,,,
USW00054787,"FARMINGDALE REPUBLIC AIRPORT, NY US",40.73443,-73.41637,22.8,2015-04-13,4.7,",,W",,,,,,,,,1744.0,",,W",0.0,",,W",,,,,,,,,16.7,",,W",2.8,",,W",,,,,190.0,",,W",200.0,",,W",,,,,10.3,",,W",13.4,",,W",,,,,,,,,,,,,,,,,,
USW00054787,"FARMINGDALE REPUBLIC AIRPORT, NY US",40.73443,-73.41637,22.8,2015-04-14,2.5,",,W",,,,,,,,,140.0,",,W",0.3,",,W",,,,,,,,,18.3,",,W",10.0,",,W",,,,,210.0,",,W",220.0,",,W",,,,,8.1,",,W",10.7,",,W",1.0,",,W",,,,,,,,,,,,,,,,
USW00054787,"FARMINGDALE REPUBLIC AIRPORT, NY US",40.73443,-73.41637,22.8,2015-04-15,5.1,",,W",,,,,,,,,920.0,",,W",0.0,",,W",,,,,,,,,20.6,",,W",9.4,",,W",,,,,20.0,",,W",360.0,",,W",,,,,10.7,",,W",14.3,",,W",,,,,,,,,,,,,,,,,,
USW00054787,"FARMINGDALE REPUBLIC AIRPORT, NY US",40.73443,-73.41637,22.8,2015-04-16,4.1,",,W",,,,,,,,,2322.0,",,W",0.0,",,W",,,,,,,,,14.4,",,W",8.3,",,W",,,,,200.0,",,W",210.0,",,W",,,,,6.7,",,W",9.4,",,W",,,,,,,,,,,,,,,,,,
USW00054787,"FARMINGDALE REPUBLIC AIRPORT, NY US",40.73443,-73.41637,22.8,2015-04-17,3.9,",,W",,,,,,,,,350.0,",,W",2.5,",,W",,,,,,,,,19.4,",,W",10.6,",,W",,,,,220.0,",,W",220.0,",,W",,,,,8.1,",,W",11.6,",,W",1.0,",,W",,,,,,,,,,,,,,,,
USW00054787,"FARMINGDALE REPUBLIC AIRPORT, NY US",40.73443,-73.41637,22.8,2015-04-18,3.2,",,W",,,,,,,,,1636.0,",,W",0.0,",,W",,,,,,,,,23.9,",,W",8.9,",,W",,,,,220.0,",,W",220.0,",,W",,,,,9.4,",,W",11.2,",,W",,,,,,,,,,,,,,,,,,
USW00054787,"FARMINGDALE REPUBLIC AIRPORT, NY US",40.73443,-73.41637,22.8,2015-04-19,4.7,",,W",,,,,,,,,1145.0,",,W",0.0,",,W",,,,,,,,,14.4,",,W",7.2,",,W",,,,,140.0,",,W",150.0,",,W",,,,,8.9,",,W",10.7,",,W",,,,,,,,,,,,,,,,,,
USW00054787,"FARMINGDALE REPUBLIC AIRPORT, NY US",40.73443,-73.41637,22.8,2015-04-20,6.4,",,W",,,,,,,,,1020.0,",,W",11.9,",,W",,,,,,,,,12.8,",,W",7.8,",,W",,,,,100.0,",,W",110.0,",,W",,,,,14.3,",,W",21.0,",,W",,,,,,,,,,,,,,,,,,
USW00054787,"FARMINGDALE REPUBLIC AIRPORT, NY US",40.73443,-73.41637,22.8,2015-04-21,3.8,",,W",,,,,,,,,838.0,",,W",3.0,",,W",,,,,,,,,18.9,",,W",10.6,",,W",,,,,270.0,",,W",270.0,",,W",,,,,10.3,",,W",14.3,",,W",,,,,,,,,,,,,,,,,,
USW00054787,"FARMINGDALE REPUBLIC AIRPORT, NY US",40.73443,-73.41637,22.8,2015-04-22,4.8,",,W",,,,,,,,,1445.0,",,W",5.3,",,W",,,,,,,,,17.8,",,W",5.6,",,W",,,,,190.0,",,W",190.0,",,W",,,,,14.8,",,W",19.7,",,W",,,,,,,,,,,,,,,,,,
USW00054787,"FARMINGDALE REPUBLIC AIRPORT, NY US",40.73443,-73.41637,22.8,2015-04-23,5.6,",,W",,,,,,,,,48.0,",,W",0.0,",,W",,,,,,,,,10.6,",,W",4.4,",,W",,,,,290.0,",,W",320.0,",,W",,,,,10.7,",,W",14.8,",,W",,,,,,,,,,,,,,,,,,
USW00054787,"FARMINGDALE REPUBLIC AIRPORT, NY US",40.73443,-73.41637,22.8,2015-04-24,6.6,",,W",,,,,,,,,1439.0,",,W",0.0,",,W",,,,,,,,,9.4,",,W",2.8,",,W",,,,,330.0,",,W",320.0,",,W",,,,,11.6,",,W",17.4,",,W",,,,,,,,,,,,,,,,,,
USW00054787,"FARMINGDALE REPUBLIC AIRPORT, NY US",40.73443,-73.41637,22.8,2015-04-25,3.4,",,W",,,,,,,,,1605.0,",,W",0.0,",,W",,,,,,,,,15.0,",,W",1.7,",,W",,,,,210.0,",,W",220.0,",,W",,,,,8.1,",,W",9.8,",,W",,,,,,,,,,,,,,,,,,
USW00054787,"FARMINGDALE REPUBLIC AIRPORT, NY US",40.73443,-73.41637,22.8,2015-04-26,3.6,",,W",,,,,,,,,1254.0,",,W",0.0,",,W",,,,,,,,,14.4,",,W",4.4,",,W",,,,,210.0,",,W",210.0,",,W",,,,,6.7,",,W",8.9,",,W",,,,,,,,,,,,,,,,,,
USW00054787,"FARMINGDALE REPUBLIC AIRPORT, NY US",40.73443,-73.41637,22.8,2015-04-27,4.6,",,W",,,,,,,,,2233.0,",,W",0.0,",,W",,,,,,,,,16.7,",,W",8.9,",,W",,,,,360.0,",,W",340.0,",,W",,,,,8.9,",,W",12.5,",,W",,,,,,,,,,,,,,,,,,
USW00054787,"FARMINGDALE REPUBLIC AIRPORT, NY US",40.73443,-73.41637,22.8,2015-04-28,4.7,",,W",,,,,,,,,1420.0,",,W",0.0,",,W",,,,,,,,,20.0,",,W",9.4,",,W",,,,,10.0,",,W",20.0,",,W",,,,,10.3,",,W",13.4,",,W",,,,,,,,,,,,,,,,,,
USW00054787,"FARMINGDALE REPUBLIC AIRPORT, NY US",40.73443,-73.41637,22.8,2015-04-29,4.1,",,W",,,,,,,,,2148.0,",,W",0.0,",,W",,,,,,,,,23.9,",,W",9.4,",,W",,,,,200.0,",,W",100.0,",,W",,,,,7.2,",,W",9.8,",,W",,,,,,,,,,,,,,,,,,
USW00054787,"FARMINGDALE REPUBLIC AIRPORT, NY US",40.73443,-73.41637,22.8,2015-04-30,4.7,",,W",,,,,,,,,1159.0,",,W",0.0,",,W",,,,,,,,,15.6,",,W",7.8,",,W",,,,,140.0,",,W",120.0,",,W",,,,,8.9,",,W",10.7,",,W",,,,,,,,,,,,,,,,,,
USW00054787,"FARMINGDALE REPUBLIC AIRPORT, NY US",40.73443,-73.41637,22.8,2015-05-01,3.5,",,W",,,,,,,,,752.0,",,W",0.0,",,W",,,,,,,,,13.3,",,W",7.8,",,W",,,,,140.0,",,W",100.0,",,W",,,,,6.7,",,W",8.5,",,W",,,,,,,,,,,,,,,,,,
USW00054787,"FARMINGDALE REPUBLIC AIRPORT, NY US",40.73443,-73.41637,22.8,2015-05-02,2.6,",,W",,,,,,,,,1158.0,",,W",0.0,",,W",,,,,,,,,16.1,",,W",5.6,",,W",,,,,160.0,",,W",160.0,",,W",,,,,7.6,",,W",9.4,",,W",,,,,,,,,,,,,,,,,,
USW00054787,"FARMINGDALE REPUBLIC AIRPORT, NY US",40.73443,-73.41637,22.8,2015-05-03,3.1,",,W",,,,,,,,,1618.0,",,W",0.0,",,W",,,,,,,,,18.9,",,W",6.7,",,W",,,,,190.0,",,W",190.0,",,W",,,,,7.2,",,W",8.5,",,W",,,,,,,,,,,,,,,,,,
USW00054787,"FARMINGDALE REPUBLIC AIRPORT, NY US",40.73443,-73.41637,22.8,2015-05-04,4.3,",,W",,,,,,,,,1759.0,",,W",0.0,",,W",,,,,,,,,23.3,",,W",8.9,",,W",,,,,220.0,",,W",210.0,",,W",,,,,10.3,",,W",14.3,",,W",,,,,,,,,,,,,,,,,,
USW00054787,"FARMINGDALE REPUBLIC AIRPORT, NY US",40.73443,-73.41637,22.8,2015-05-05,2.6,",,W",,,,,,,,,1448.0,",,W",0.0,",,W",,,,,,,,,26.1,",,W",11.7,",,W",,,,,160.0,",,W",170.0,",,W",,,,,6.7,",,W",8.1,",,W",,,,,,,,,,,,,,,,,,
USW00054787,"FARMINGDALE REPUBLIC AIRPORT, NY US",40.73443,-73.41637,22.8,2015-05-06,2.9,",,W",,,,,,,,,1709.0,",,W",0.3,",,W",,,,,,,,,20.0,",,W",11.1,",,W",,,,,110.0,",,W",110.0,",,W",,,,,6.3,",,W",8.9,",,W",,,,,,,,,,,,,,,,,,
USW00054787,"FARMINGDALE REPUBLIC AIRPORT, NY US",40.73443,-73.41637,22.8,2015-05-07,2.9,",,W",,,,,,,,,1327.0,",,W",0.0,",,W",,,,,,,,,22.8,",,W",8.9,",,W",,,,,160.0,",,W",180.0,",,W",,,,,5.8,",,W",7.6,",,W",,,,,,,,,,,,,,,,,,
USW00054787,"FARMINGDALE REPUBLIC AIRPORT, NY US",40.73443,-73.41637,22.8,2015-05-08,3.2,",,W",,,,,,,,,1048.0,",,W",0.0,",,W",,,,,,,,,23.3,",,W",11.7,",,W",,,,,180.0,",,W",180.0,",,W",,,,,7.2,",,W",8.5,",,W",,,,,,,,,,,,,,,,,,
USW00054787,"FARMINGDALE REPUBLIC AIRPORT, NY US",40.73443,-73.41637,22.8,2015-05-09,2.1,",,W",,,,,,,,,915.0,",,W",0.3,",,W",,,,,,,,,17.8,",,W",13.9,",,W",,,,,100.0,",,W",100.0,",,W",,,,,5.8,",,W",6.7,",,W",,,,,,,,,,,,,,,,,,
USW00054787,"FARMINGDALE REPUBLIC AIRPORT, NY US",40.73443,-73.41637,22.8,2015-05-10,4.5,",,W",,,,,,,,,1646.0,",,W",0.0,",,W",,,,,,,,,24.4,",,W",15.0,",,W",,,,,220.0,",,W",230.0,",,W",,,,,8.9,",,W",10.7,",,W",,,,,,,,,,,,,,,,,,
USW00054787,"FARMINGDALE REPUBLIC AIRPORT, NY US",40.73443,-73.41637,22.8,2015-05-11,4.2,",,W",,,,,,,,,1329.0,",,W",0.0,",,W",,,,,,,,,25.0,",,W",17.2,",,W",,,,,200.0,",,W",200.0,",,W",,,,,10.3,",,W",13.4,",,W",,,,,,,,,,,,,,,,,,
USW00054787,"FARMINGDALE REPUBLIC AIRPORT, NY US",40.73443,-73.41637,22.8,2015-05-12,5.2,",,W",,,,,,,,,1634.0,",,W",0.0,",,W",,,,,,,,,29.4,",,W",17.8,",,W",,,,,240.0,",,W",240.0,",,W",,,,,10.7,",,W",15.7,",,W",,,,,,,,,,,,,,,,,,
USW00054787,"FARMINGDALE REPUBLIC AIRPORT, NY US",40.73443,-73.41637,22.8,2015-05-13,6.0,",,W",,,,,,,,,1150.0,",,W",0.0,",,W",,,,,,,,,21.1,",,W",12.2,",,W",,,,,330.0,",,W",340.0,",,W",,,,,9.8,",,W",14.3,",,W",,,,,,,,,,,,,,,,,,
USW00054787,"FARMINGDALE REPUBLIC AIRPORT, NY US",40.73443,-73.41637,22.8,2015-05-14,4.3,",,W",,,,,,,,,1444.0,",,W",0.0,",,W",,,,,,,,,20.6,",,W",10.0,",,W",,,,,220.0,",,W",210.0,",,W",,,,,7.6,",,W",9.4,",,W",,,,,,,,,,,,,,,,,,
USW00054787,"FARMINGDALE REPUBLIC AIRPORT, NY US",40.73443,-73.41637,22.8,2015-05-15,3.6,",,W",,,,,,,,,1215.0,",,W",0.0,"T,,W",,,,,,,,,21.7,",,W",10.6,",,W",,,,,200.0,",,W",250.0,",,W",,,,,8.1,",,W",11.2,",,W",,,,,,,,,,,,,,,,,,
USW00054787,"FARMINGDALE REPUBLIC AIRPORT, NY US",40.73443,-73.41637,22.8,2015-05-16,2.7,",,W",,,,,,,,,1115.0,",,W",9.1,",,W",,,,,,,,,20.6,",,W",13.9,",,W",,,,,10.0,",,W",190.0,",,W",,,,,4.5,",,W",6.3,",,W",,,,,,,,,,,,,,,,,,
USW00054787,"FARMINGDALE REPUBLIC AIRPORT, NY US",40.73443,-73.41637,22.8,2015-05-17,2.3,",,W",,,,,,,,,1540.0,",,W",0.5,",,W",,,,,,,,,27.2,",,W",16.7,",,W",,,,,210.0,",,W",190.0,",,W",,,,,6.3,",,W",7.6,",,W",,,,,,,,,,,,,,,,,,
USW00054787,"FARMINGDALE REPUBLIC AIRPORT, NY US",40.73443,-73.41637,22.8,2015-05-18,3.6,",,W",,,,,,,,,907.0,",,W",0.0,"T,,W",,,,,,,,,18.9,",,W",13.3,",,W",,,,,110.0,",,W",100.0,",,W",,,,,7.2,",,W",9.4,",,W",,,,,,,,,,,,,,,,,,
USW00054787,"FARMINGDALE REPUBLIC AIRPORT, NY US",40.73443,-73.41637,22.8,2015-05-19,2.4,",,W",,,,,,,,,2311.0,",,W",0.8,",,W",,,,,,,,,23.3,",,W",13.9,",,W",,,,,10.0,",,W",10.0,",,W",,,,,9.4,",,W",12.1,",,W",,,,,,,,,,,,,,,,,,
USW00054787,"FARMINGDALE REPUBLIC AIRPORT, NY US",40.73443,-73.41637,22.8,2015-05-20,4.7,",,W",,,,,,,,,1101.0,",,W",0.0,",,W",,,,,,,,,18.9,",,W",10.6,",,W",,,,,310.0,",,W",310.0,",,W",,,,,9.4,",,W",14.3,",,W",,,,,,,,,,,,,,,,,,
USW00054787,"FARMINGDALE REPUBLIC AIRPORT, NY US",40.73443,-73.41637,22.8,2015-05-21,2.5,",,W",,,,,,,,,1647.0,",,W",0.0,"T,,W",,,,,,,,,16.7,",,W",10.0,",,W",,,,,190.0,",,W",210.0,",,W",,,,,6.7,",,W",8.1,",,W",,,,,,,,,,,,,,,,,,
USW00054787,"FARMINGDALE REPUBLIC AIRPORT, NY US",40.73443,-73.41637,22.8,2015-05-22,4.3,",,W",,,,,,,,,1347.0,",,W",0.0,",,W",,,,,,,,,23.9,",,W",11.1,",,W",,,,,290.0,",,W",280.0,",,W",,,,,9.4,",,W",13.0,",,W",,,,,,,,,,,,,,,,,,
USW00054787,"FARMINGDALE REPUBLIC AIRPORT, NY US",40.73443,-73.41637,22.8,2015-05-23,4.3,",,W",,,,,,,,,211.0,",,W",0.0,",,W",,,,,,,,,18.9,",,W",9.4,",,W",,,,,220.0,",,W",300.0,",,W",,,,,8.1,",,W",11.2,",,W",,,,,,,,,,,,,,,,,,
USW00054787,"FARMINGDALE REPUBLIC AIRPORT, NY US",40.73443,-73.41637,22.8,2015-05-24,4.8,",,W",,,,,,,,,1515.0,",,W",0.0,",,W",,,,,,,,,22.8,",,W",10.0,",,W",,,,,220.0,",,W",220.0,",,W",,,,,9.8,",,W",13.0,",,W",,,,,,,,,,,,,,,,,,
USW00054787,"FARMINGDALE REPUBLIC AIRPORT, NY US",40.73443,-73.41637,22.8,2015-05-25,4.8,",,W",,,,,,,,,1748.0,",,W",0.0,",,W",,,,,,,,,25.0,",,W",13.3,",,W",,,,,210.0,",,W",220.0,",,W",,,,,10.7,",,W",14.8,",,W",,,,,,,,,,,,,,,,,,
USW00054787,"FARMINGDALE REPUBLIC AIRPORT, NY US",40.73443,-73.41637,22.8,2015-05-26,6.0,",,W",,,,,,,,,1750.0,",,W",0.0,",,W",,,,,,,,,25.0,",,W",15.6,",,W",,,,,220.0,",,W",230.0,",,W",,,,,10.7,",,W",13.9,",,W",,,,,,,,,,,,,,,,,,
USW00054787,"FARMINGDALE REPUBLIC AIRPORT, NY US",40.73443,-73.41637,22.8,2015-05-27,6.0,",,W",,,,,,,,,1735.0,",,W",0.0,",,W",,,,,,,,,23.9,",,W",16.7,",,W",,,,,200.0,",,W",200.0,",,W",,,,,13.4,",,W",17.4,",,W",,,,,,,,,,,,,,,,,,
USW00054787,"FARMINGDALE REPUBLIC AIRPORT, NY US",40.73443,-73.41637,22.8,2015-05-28,3.9,",,W",,,,,,,,,11.0,",,W",1.8,",,W",,,,,,,,,25.0,",,W",16.7,",,W",,,,,200.0,",,W",220.0,",,W",,,,,7.6,",,W",9.8,",,W",,,,,,,,,,,,,,,,,,
USW00054787,"FARMINGDALE REPUBLIC AIRPORT, NY US",40.73443,-73.41637,22.8,2015-05-29,2.9,",,W",,,,,,,,,1236.0,",,W",0.0,",,W",,,,,,,,,26.1,",,W",15.6,",,W",,,,,150.0,",,W",170.0,",,W",,,,,5.8,",,W",8.1,",,W",,,,,,,,,,,,,,,,,,
USW00054787,"FARMINGDALE REPUBLIC AIRPORT, NY US",40.73443,-73.41637,22.8,2015-05-30,5.5,",,W",,,,,,,,,1836.0,",,W",0.0,",,W",,,,,,,,,26.1,",,W",16.7,",,W",,,,,210.0,",,W",200.0,",,W",,,,,11.2,",,W",14.8,",,W",,,,,,,,,,,,,,,,,,
USW00054787,"FARMINGDALE REPUBLIC AIRPORT, NY US",40.73443,-73.41637,22.8,2015-05-31,4.3,",,W",,,,,,,,,111.0,",,W",8.9,",,W",,,,,,,,,26.1,",,W",15.0,",,W",,,,,180.0,",,W",230.0,",,W",,,,,7.6,",,W",9.8,",,W",,,,,,,,,,,,,,,,,,
USW00054787,"FARMINGDALE REPUBLIC AIRPORT, NY US",40.73443,-73.41637,22.8,2015-06-01,4.2,",,W",,,,,,,,,1923.0,",,W",17.0,",,W",,,,,,,,,15.0,",,W",10.0,",,W",,,,,50.0,",,W",70.0,",,W",,,,,7.2,",,W",10.3,",,W",,,,,,,,,,,,,,,,,,
USW00054787,"FARMINGDALE REPUBLIC AIRPORT, NY US",40.73443,-73.41637,22.8,2015-06-02,3.9,",,W",,,,,,,,,600.0,",,W",7.1,",,W",,,,,,,,,12.2,",,W",10.0,",,W",,,,,40.0,",,W",50.0,",,W",,,,,7.6,",,W",11.2,",,W",,,,,,,,,,,,,,,,,,
USW00054787,"FARMINGDALE REPUBLIC AIRPORT, NY US",40.73443,-73.41637,22.8,2015-06-03,3.4,",,W",,,,,,,,,1409.0,",,W",0.0,",,W",,,,,,,,,19.4,",,W",10.6,",,W",,,,,160.0,",,W",160.0,",,W",,,,,6.7,",,W",8.5,",,W",,,,,,,,,,,,,,,,,,
USW00054787,"FARMINGDALE REPUBLIC AIRPORT, NY US",40.73443,-73.41637,22.8,2015-06-04,4.1,",,W",,,,,,,,,1414.0,",,W",0.0,",,W",,,,,,,,,18.9,",,W",11.1,",,W",,,,,110.0,",,W",120.0,",,W",,,,,8.1,",,W",10.7,",,W",,,,,,,,,,,,,,,,,,
USW00054787,"FARMINGDALE REPUBLIC AIRPORT, NY US",40.73443,-73.41637,22.8,2015-06-05,2.4,",,W",,,,,,,,,818.0,",,W",0.0,",,W",,,,,,,,,20.6,",,W",12.2,",,W",,,,,10.0,",,W",10.0,",,W",,,,,5.8,",,W",6.7,",,W",,,,,,,,,,,,,,,,,,
USW00054787,"FARMINGDALE REPUBLIC AIRPORT, NY US",40.73443,-73.41637,22.8,2015-06-06,2.7,",,W",,,,,,,,,1057.0,",,W",1.8,",,W",,,,,,,,,24.4,",,W",13.3,",,W",,,,,20.0,",,W",10.0,",,W",,,,,8.9,",,W",10.7,",,W",,,,,,,,,,,,,,,,,,
USW00054787,"FARMINGDALE REPUBLIC AIRPORT, NY US",40.73443,-73.41637,22.8,2015-06-07,3.8,",,W",,,,,,,,,1733.0,",,W",0.0,",,W",,,,,,,,,21.7,",,W",10.6,",,W",,,,,180.0,",,W",200.0,",,W",,,,,6.7,",,W",8.5,",,W",,,,,,,,,,,,,,,,,,
USW00054787,"FARMINGDALE REPUBLIC AIRPORT, NY US",40.73443,-73.41637,22.8,2015-06-08,7.1,",,W",,,,,,,,,1445.0,",,W",1.5,",,W",,,,,,,,,22.2,",,W",16.1,",,W",,,,,200.0,",,W",190.0,",,W",,,,,13.9,",,W",17.0,",,W",,,,,,,,,,,,,,,,,,
USW00054787,"FARMINGDALE REPUBLIC AIRPORT, NY US",40.73443,-73.41637,22.8,2015-06-09,4.7,",,W",,,,,,,,,1446.0,",,W",0.0,",,W",,,,,,,,,26.7,",,W",17.8,",,W",,,,,200.0,",,W",220.0,",,W",,,,,10.7,",,W",13.4,",,W",,,,,,,,,,,,,,,,,,
USW00054787,"FARMINGDALE REPUBLIC AIRPORT, NY US",40.73443,-73.41637,22.8,2015-06-10,4.3,",,W",,,,,,,,,1156.0,",,W",0.0,",,W",,,,,,,,,26.7,",,W",18.3,",,W",,,,,190.0,",,W",200.0,",,W",,,,,8.9,",,W",11.2,",,W",,,,,,,,,,,,,,,,,,
USW00054787,"FARMINGDALE REPUBLIC AIRPORT, NY US",40.73443,-73.41637,22.8,2015-06-11,4.0,",,W",,,,,,,,,1146.0,",,W",0.0,",,W",,,,,,,,,30.0,",,W",18.9,",,W",,,,,230.0,",,W",210.0,",,W",,,,,7.2,",,W",9.4,",,W",,,,,,,,,,,,,,,,,,
USW00054787,"FARMINGDALE REPUBLIC AIRPORT, NY US",40.73443,-73.41637,22.8,2015-06-12,3.7,",,W",,,,,,,,,1847.0,",,W",0.0,",,W",,,,,,,,,28.9,",,W",21.1,",,W",,,,,220.0,",,W",230.0,",,W",,,,,9.8,",,W",13.0,",,W",,,,,,,,,,,,,,,,,,
USW00054787,"FARMINGDALE REPUBLIC AIRPORT, NY US",40.73443,-73.41637,22.8,2015-06-13,4.0,",,W",,,,,,,,,840.0,",,W",0.0,",,W",,,,,,,,,30.0,",,W",19.4,",,W",,,,,360.0,",,W",10.0,",,W",,,,,9.8,",,W",12.5,",,W",,,,,,,,,,,,,,,,,,
USW00054787,"FARMINGDALE REPUBLIC AIRPORT, NY US",40.73443,-73.41637,22.8,2015-06-14,3.2,",,W",,,,,,,,,1554.0,",,W",2.3,",,W",,,,,,,,,30.0,",,W",17.8,",,W",,,,,200.0,",,W",200.0,",,W",,,,,7.2,",,W",8.9,",,W",,,,,,,,,,,,,,,,,,
USW00054787,"FARMINGDALE REPUBLIC AIRPORT, NY US",40.73443,-73.41637,22.8,2015-06-15,3.7,",,W",,,,,,,,,622.0,",,W",16.8,",,W",,,,,,,,,24.4,",,W",17.2,",,W",,,,,140.0,",,W",140.0,",,W",,,,,7.6,",,W",9.4,",,W",,,,,,,,,,,,,,,,,,
USW00054787,"FARMINGDALE REPUBLIC AIRPORT, NY US",40.73443,-73.41637,22.8,2015-06-16,2.5,",,W",,,,,,,,,2030.0,",,W",5.6,",,W",,,,,,,,,24.4,",,W",17.2,",,W",,,,,330.0,",,W",340.0,",,W",,,,,5.4,",,W",8.1,",,W",,,,,,,,,,,,,,,,,,
USW00054787,"FARMINGDALE REPUBLIC AIRPORT, NY US",40.73443,-73.41637,22.8,2015-06-17,3.4,",,W",,,,,,,,,814.0,",,W",0.0,",,W",,,,,,,,,25.6,",,W",17.8,",,W",,,,,40.0,",,W",70.0,",,W",,,,,6.7,",,W",9.4,",,W",,,,,,,,,,,,,,,,,,
USW00054787,"FARMINGDALE REPUBLIC AIRPORT, NY US",40.73443,-73.41637,22.8,2015-06-18,3.4,",,W",,,,,,,,,826.0,",,W",0.0,",,W",,,,,,,,,21.7,",,W",17.2,",,W",,,,,180.0,",,W",210.0,",,W",,,,,5.8,",,W",7.2,",,W",,,,,,,,,,,,,,,,,,
USW00054787,"FARMINGDALE REPUBLIC AIRPORT, NY US",40.73443,-73.41637,22.8,2015-06-19,2.5,",,W",,,,,,,,,1636.0,",,W",0.0,",,W",,,,,,,,,30.0,",,W",18.9,",,W",,,,,10.0,",,W",10.0,",,W",,,,,6.7,",,W",8.1,",,W",,,,,,,,,,,,,,,,,,
USW00054787,"FARMINGDALE REPUBLIC AIRPORT, NY US",40.73443,-73.41637,22.8,2015-06-20,4.3,",,W",,,,,,,,,2327.0,",,W",1.8,",,W",,,,,,,,,21.7,",,W",19.4,",,W",,,,,170.0,",,W",160.0,",,W",,,,,7.6,",,W",9.8,",,W",,,,,,,,,,,,,,,,,,
USW00054787,"FARMINGDALE REPUBLIC AIRPORT, NY US",40.73443,-73.41637,22.8,2015-06-21,4.4,",,W",,,,,,,,,1746.0,",,W",9.9,",,W",,,,,,,,,31.7,",,W",21.1,",,W",,,,,340.0,",,W",340.0,",,W",,,,,9.8,",,W",14.3,",,W",,,,,,,,,,,,,,,,,,
USW00054787,"FARMINGDALE REPUBLIC AIRPORT, NY US",40.73443,-73.41637,22.8,2015-06-22,3.4,",,W",,,,,,,,,1409.0,",,W",0.0,",,W",,,,,,,,,31.7,",,W",21.7,",,W",,,,,340.0,",,W",330.0,",,W",,,,,6.7,",,W",9.4,",,W",,,,,,,,,,,,,,,,,,
USW00054787,"FARMINGDALE REPUBLIC AIRPORT, NY US",40.73443,-73.41637,22.8,2015-06-23,4.7,",,W",,,,,,,,,1242.0,",,W",1.5,",,W",,,,,,,,,30.6,",,W",22.2,",,W",,,,,220.0,",,W",210.0,",,W",,,,,10.3,",,W",13.0,",,W",,,,,,,,,,,,,,,,,,
USW00054787,"FARMINGDALE REPUBLIC AIRPORT, NY US",40.73443,-73.41637,22.8,2015-06-24,3.5,",,W",,,,,,,,,1526.0,",,W",0.0,",,W",,,,,,,,,28.9,",,W",18.9,",,W",,,,,10.0,",,W",290.0,",,W",,,,,6.7,",,W",9.4,",,W",,,,,,,,,,,,,,,,,,
USW00054787,"FARMINGDALE REPUBLIC AIRPORT, NY US",40.73443,-73.41637,22.8,2015-06-25,2.8,",,W",,,,,,,,,1543.0,",,W",0.0,",,W",,,,,,,,,28.3,",,W",16.1,",,W",,,,,210.0,",,W",210.0,",,W",,,,,7.2,",,W",8.9,",,W",,,,,,,,,,,,,,,,,,
USW00054787,"FARMINGDALE REPUBLIC AIRPORT, NY US",40.73443,-73.41637,22.8,2015-06-26,2.8,",,W",,,,,,,,,833.0,",,W",0.0,",,W",,,,,,,,,25.6,",,W",18.9,",,W",,,,,40.0,",,W",40.0,",,W",,,,,7.2,",,W",8.9,",,W",,,,,,,,,,,,,,,,,,
USW00054787,"FARMINGDALE REPUBLIC AIRPORT, NY US",40.73443,-73.41637,22.8,2015-06-27,4.2,",,W",,,,,,,,,2359.0,",,W",15.5,",,W",,,,,,,,,21.1,",,W",16.1,",,W",,,,,100.0,",,W",110.0,",,W",,,,,9.4,",,W",13.9,",,W",,,,,,,,,,,,,,,,,,
USW00054787,"FARMINGDALE REPUBLIC AIRPORT, NY US",40.73443,-73.41637,22.8,2015-06-28,3.6,",,W",,,,,,,,,54.0,",,W",16.3,",,W",,,,,,,,,22.8,",,W",16.7,",,W",,,,,90.0,",,W",100.0,",,W",,,,,9.8,",,W",14.8,",,W",,,,,,,,,,,,,,,,,,
USW00054787,"FARMINGDALE REPUBLIC AIRPORT, NY US",40.73443,-73.41637,22.8,2015-06-29,3.8,",,W",,,,,,,,,936.0,",,W",0.0,",,W",,,,,,,,,25.0,",,W",17.2,",,W",,,,,260.0,",,W",300.0,",,W",,,,,7.2,",,W",9.8,",,W",,,,,,,,,,,,,,,,,,
USW00054787,"FARMINGDALE REPUBLIC AIRPORT, NY US",40.73443,-73.41637,22.8,2015-06-30,5.1,",,W",,,,,,,,,2228.0,",,W",0.0,",,W",,,,,,,,,26.7,",,W",17.2,",,W",,,,,160.0,",,W",150.0,",,W",,,,,9.4,",,W",13.0,",,W",,,,,,,,,,,,,,,,,,
USW00054787,"FARMINGDALE REPUBLIC AIRPORT, NY US",40.73443,-73.41637,22.8,2015-07-01,5.0,",,W",,,,,,,,,412.0,",,W",4.3,",,W",,,,,,,,,28.3,",,W",21.7,",,W",,,,,220.0,",,W",210.0,",,W",,,,,11.2,",,W",17.0,",,W",,,,,,,,,,,,,,,,,,
USW00054787,"FARMINGDALE REPUBLIC AIRPORT, NY US",40.73443,-73.41637,22.8,2015-07-02,1.5,",,W",,,,,,,,,1348.0,",,W",0.8,",,W",,,,,,,,,26.1,",,W",18.9,",,W",,,,,170.0,",,W",170.0,",,W",,,,,6.3,",,W",7.6,",,W",,,,,,,,,,,,,,,,,,
USW00054787,"FARMINGDALE REPUBLIC AIRPORT, NY US",40.73443,-73.41637,22.8,2015-07-03,3.0,",,W",,,,,,,,,654.0,",,W",0.0,",,W",,,,,,,,,27.2,",,W",17.2,",,W",,,,,170.0,",,W",340.0,",,W",,,,,7.2,",,W",8.9,",,W",,,,,,,,,,,,,,,,,,
USW00054787,"FARMINGDALE REPUBLIC AIRPORT, NY US",40.73443,-73.41637,22.8,2015-07-04,2.3,",,W",,,,,,,,,1513.0,",,W",0.0,"T,,W",,,,,,,,,23.9,",,W",19.4,",,W",,,,,30.0,",,W",40.0,",,W",,,,,6.3,",,W",7.6,",,W",,,,,,,,,,,,,,,,,,
USW00054787,"FARMINGDALE REPUBLIC AIRPORT, NY US",40.73443,-73.41637,22.8,2015-07-05,2.9,",,W",,,,,,,,,1751.0,",,W",0.0,",,W",,,,,,,,,27.2,",,W",17.8,",,W",,,,,190.0,",,W",190.0,",,W",,,,,7.2,",,W",9.8,",,W",,,,,,,,,,,,,,,,,,
USW00054787,"FARMINGDALE REPUBLIC AIRPORT, NY US",40.73443,-73.41637,22.8,2015-07-06,3.3,",,W",,,,,,,,,2053.0,",,W",0.0,",,W",,,,,,,,,27.2,",,W",20.0,",,W",,,,,150.0,",,W",150.0,",,W",,,,,6.7,",,W",7.6,",,W",,,,,,,,,,,,,,,,,,
USW00054787,"FARMINGDALE REPUBLIC AIRPORT, NY US",40.73443,-73.41637,22.8,2015-07-07,4.9,",,W",,,,,,,,,1542.0,",,W",0.0,",,W",,,,,,,,,28.3,",,W",22.8,",,W",,,,,210.0,",,W",180.0,",,W",,,,,8.9,",,W",11.2,",,W",,,,,,,,,,,,,,,,,,
USW00054787,"FARMINGDALE REPUBLIC AIRPORT, NY US",40.73443,-73.41637,22.8,2015-07-08,3.0,",,W",,,,,,,,,1555.0,",,W",2.0,",,W",,,,,,,,,31.7,",,W",23.3,",,W",,,,,200.0,",,W",290.0,",,W",,,,,7.6,",,W",9.4,",,W",,,,,,,,,,,,,,,,,,
USW00054787,"FARMINGDALE REPUBLIC AIRPORT, NY US",40.73443,-73.41637,22.8,2015-07-09,3.4,",,W",,,,,,,,,2152.0,",,W",0.0,"T,,W",,,,,,,,,23.3,",,W",21.1,",,W",,,,,170.0,",,W",170.0,",,W",,,,,9.4,",,W",12.1,",,W",,,,,,,,,,,,,,,,,,
USW00054787,"FARMINGDALE REPUBLIC AIRPORT, NY US",40.73443,-73.41637,22.8,2015-07-10,4.1,",,W",,,,,,,,,852.0,",,W",0.0,,,,,,,,,,28.9,",,W",21.7,",,W",,,,,350.0,",,W",10.0,",,W",,,,,9.4,",,W",12.5,",,W",,,,,,,,,,,,,,,,,,
USW00054787,"FARMINGDALE REPUBLIC AIRPORT, NY US",40.73443,-73.41637,22.8,2015-07-11,2.2,",,W",,,,,,,,,1448.0,",,W",0.0,",,W",,,,,,,,,30.6,",,W",20.0,",,W",,,,,230.0,",,W",200.0,",,W",,,,,5.8,",,W",7.2,",,W",,,,,,,,,,,,,,,,,,
USW00054787,"FARMINGDALE REPUBLIC AIRPORT, NY US",40.73443,-73.41637,22.8,2015-07-12,2.8,",,W",,,,,,,,,1406.0,",,W",0.0,",,W",,,,,,,,,30.0,",,W",20.6,",,W",,,,,200.0,",,W",190.0,",,W",,,,,6.3,",,W",7.6,",,W",,,,,,,,,,,,,,,,,,
USW00054787,"FARMINGDALE REPUBLIC AIRPORT, NY US",40.73443,-73.41637,22.8,2015-07-13,3.0,",,W",,,,,,,,,1224.0,",,W",0.0,",,W",,,,,,,,,27.8,",,W",22.2,",,W",,,,,160.0,",,W",160.0,",,W",,,,,6.3,",,W",8.5,",,W",,,,,,,,,,,,,,,,,,
USW00054787,"FARMINGDALE REPUBLIC AIRPORT, NY US",40.73443,-73.41637,22.8,2015-07-14,3.1,",,W",,,,,,,,,1205.0,",,W",4.8,",,W",,,,,,,,,26.1,",,W",22.2,",,W",,,,,150.0,",,W",150.0,",,W",,,,,7.2,",,W",9.4,",,W",,,,,,,,,,,,,,,,,,
USW00054787,"FARMINGDALE REPUBLIC AIRPORT, NY US",40.73443,-73.41637,22.8,2015-07-15,3.1,",,W",,,,,,,,,2206.0,",,W",0.0,",,W",,,,,,,,,27.8,",,W",21.7,",,W",,,,,20.0,",,W",20.0,",,W",,,,,9.4,",,W",12.5,",,W",,,,,,,,,,,,,,,,,,
USW00054787,"FARMINGDALE REPUBLIC AIRPORT, NY US",40.73443,-73.41637,22.8,2015-07-16,4.3,",,W",,,,,,,,,142.0,",,W",0.0,",,W",,,,,,,,,26.1,",,W",17.8,",,W",,,,,30.0,",,W",20.0,",,W",,,,,9.8,",,W",12.5,",,W",,,,,,,,,,,,,,,,,,
USW00054787,"FARMINGDALE REPUBLIC AIRPORT, NY US",40.73443,-73.41637,22.8,2015-07-17,3.9,",,W",,,,,,,,,1350.0,",,W",0.0,",,W",,,,,,,,,25.6,",,W",17.2,",,W",,,,,190.0,",,W",190.0,",,W",,,,,7.6,",,W",10.3,",,W",,,,,,,,,,,,,,,,,,
USW00054787,"FARMINGDALE REPUBLIC AIRPORT, NY US",40.73443,-73.41637,22.8,2015-07-18,5.4,",,W",,,,,,,,,1154.0,",,W",3.6,",,W",,,,,,,,,27.2,",,W",22.2,",,W",,,,,220.0,",,W",200.0,",,W",,,,,7.6,",,W",10.7,",,W",,,,,,,,,,,,,,,,,,
USW00054787,"FARMINGDALE REPUBLIC AIRPORT, NY US",40.73443,-73.41637,22.8,2015-07-19,3.6,",,W",,,,,,,,,1631.0,",,W",0.0,",,W",,,,,,,,,31.7,",,W",22.8,",,W",,,,,220.0,",,W",220.0,",,W",,,,,8.1,",,W",10.3,",,W",,,,,,,,,,,,,,,,,,
USW00054787,"FARMINGDALE REPUBLIC AIRPORT, NY US",40.73443,-73.41637,22.8,2015-07-20,3.3,",,W",,,,,,,,,1557.0,",,W",5.8,",,W",,,,,,,,,34.4,",,W",25.6,",,W",,,,,280.0,",,W",290.0,",,W",,,,,9.4,",,W",12.1,",,W",,,,,,,,,,,,,,,,,,
USW00054787,"FARMINGDALE REPUBLIC AIRPORT, NY US",40.73443,-73.41637,22.8,2015-07-21,2.7,",,W",,,,,,,,,2338.0,",,W",0.0,",,W",,,,,,,,,31.7,",,W",23.9,",,W",,,,,230.0,",,W",330.0,",,W",,,,,7.6,",,W",9.8,",,W",,,,,,,,,,,,,,,,,,
USW00054787,"FARMINGDALE REPUBLIC AIRPORT, NY US",40.73443,-73.41637,22.8,2015-07-22,3.8,",,W",,,,,,,,,1628.0,",,W",0.0,",,W",,,,,,,,,30.0,",,W",18.9,",,W",,,,,330.0,",,W",330.0,",,W",,,,,8.1,",,W",10.7,",,W",,,,,,,,,,,,,,,,,,
USW00054787,"FARMINGDALE REPUBLIC AIRPORT, NY US",40.73443,-73.41637,22.8,2015-07-23,2.6,",,W",,,,,,,,,1750.0,",,W",0.0,",,W",,,,,,,,,29.4,",,W",18.3,",,W",,,,,220.0,",,W",220.0,",,W",,,,,7.6,",,W",9.4,",,W",,,,,,,,,,,,,,,,,,
USW00054787,"FARMINGDALE REPUBLIC AIRPORT, NY US",40.73443,-73.41637,22.8,2015-07-24,2.9,",,W",,,,,,,,,1153.0,",,W",0.0,",,W",,,,,,,,,29.4,",,W",18.9,",,W",,,,,350.0,",,W",320.0,",,W",,,,,6.7,",,W",9.8,",,W",,,,,,,,,,,,,,,,,,
USW00054787,"FARMINGDALE REPUBLIC AIRPORT, NY US",40.73443,-73.41637,22.8,2015-07-25,3.5,",,W",,,,,,,,,1058.0,",,W",0.0,",,W",,,,,,,,,28.3,",,W",18.3,",,W",,,,,160.0,",,W",170.0,",,W",,,,,6.3,",,W",8.5,",,W",,,,,,,,,,,,,,,,,,
USW00054787,"FARMINGDALE REPUBLIC AIRPORT, NY US",40.73443,-73.41637,22.8,2015-07-26,5.8,",,W",,,,,,,,,1431.0,",,W",0.0,"T,,W",,,,,,,,,30.0,",,W",21.7,",,W",,,,,200.0,",,W",210.0,",,W",,,,,11.6,",,W",14.3,",,W",,,,,,,,,,,,,,,,,,
USW00054787,"FARMINGDALE REPUBLIC AIRPORT, NY US",40.73443,-73.41637,22.8,2015-07-27,3.4,",,W",,,,,,,,,23.0,",,W",6.4,",,W",,,,,,,,,28.3,",,W",22.2,",,W",,,,,170.0,",,W",230.0,",,W",,,,,7.6,",,W",10.3,",,W",,,,,,,,,,,,,,,,,,
USW00054787,"FARMINGDALE REPUBLIC AIRPORT, NY US",40.73443,-73.41637,22.8,2015-07-28,3.0,",,W",,,,,,,,,1241.0,",,W",0.0,",,W",,,,,,,,,31.7,",,W",22.2,",,W",,,,,200.0,",,W",190.0,",,W",,,,,6.7,",,W",8.9,",,W",,,,,,,,,,,,,,,,,,
USW00054787,"FARMINGDALE REPUBLIC AIRPORT, NY US",40.73443,-73.41637,22.8,2015-07-29,3.3,",,W",,,,,,,,,1712.0,",,W",0.0,",,W",,,,,,,,,33.9,",,W",23.3,",,W",,,,,230.0,",,W",230.0,",,W",,,,,8.9,",,W",9.8,",,W",,,,,,,,,,,,,,,,,,
USW00054787,"FARMINGDALE REPUBLIC AIRPORT, NY US",40.73443,-73.41637,22.8,2015-07-30,5.1,",,W",,,,,,,,,1351.0,",,W",17.0,",,W",,,,,,,,,28.9,",,W",23.9,",,W",,,,,200.0,",,W",210.0,",,W",,,,,11.2,",,W",14.3,",,W",,,,,,,,,,,,,,,,,,
USW00054787,"FARMINGDALE REPUBLIC AIRPORT, NY US",40.73443,-73.41637,22.8,2015-07-31,3.1,",,W",,,,,,,,,1244.0,",,W",0.0,",,W",,,,,,,,,32.8,",,W",22.2,",,W",,,,,320.0,",,W",270.0,",,W",,,,,6.3,",,W",8.9,",,W",,,,,,,,,,,,,,,,,,
USW00054787,"FARMINGDALE REPUBLIC AIRPORT, NY US",40.73443,-73.41637,22.8,2015-08-01,4.1,",,W",,,,,,,,,1531.0,",,W",0.0,",,W",,,,,,,,,32.8,",,W",22.2,",,W",,,,,230.0,",,W",230.0,",,W",,,,,10.3,",,W",13.0,",,W",,,,,,,,,,,,,,,,,,
USW00054787,"FARMINGDALE REPUBLIC AIRPORT, NY US",40.73443,-73.41637,22.8,2015-08-02,3.3,",,W",,,,,,,,,1437.0,",,W",0.0,",,W",,,,,,,,,30.0,",,W",20.0,",,W",,,,,170.0,",,W",200.0,",,W",,,,,6.7,",,W",8.9,",,W",,,,,,,,,,,,,,,,,,
USW00054787,"FARMINGDALE REPUBLIC AIRPORT, NY US",40.73443,-73.41637,22.8,2015-08-03,5.5,",,W",,,,,,,,,1706.0,",,W",0.0,",,W",,,,,,,,,31.1,",,W",21.7,",,W",,,,,210.0,",,W",210.0,",,W",,,,,11.2,",,W",14.8,",,W",,,,,,,,,,,,,,,,,,
USW00054787,"FARMINGDALE REPUBLIC AIRPORT, NY US",40.73443,-73.41637,22.8,2015-08-04,4.1,",,W",,,,,,,,,340.0,",,W",1.0,",,W",,,,,,,,,33.3,",,W",20.6,",,W",,,,,210.0,",,W",270.0,",,W",,,,,9.8,",,W",14.8,",,W",,,,,,,,,,,,,,,,,,
USW00054787,"FARMINGDALE REPUBLIC AIRPORT, NY US",40.73443,-73.41637,22.8,2015-08-05,3.0,",,W",,,,,,,,,1116.0,",,W",0.0,",,W",,,,,,,,,31.7,",,W",20.0,",,W",,,,,270.0,",,W",280.0,",,W",,,,,8.1,",,W",11.2,",,W",,,,,,,,,,,,,,,,,,
USW00054787,"FARMINGDALE REPUBLIC AIRPORT, NY US",40.73443,-73.41637,22.8,2015-08-06,1.9,",,W",,,,,,,,,1335.0,",,W",0.0,",,W",,,,,,,,,28.3,",,W",18.3,",,W",,,,,10.0,",,W",190.0,",,W",,,,,5.8,",,W",8.9,",,W",,,,,,,,,,,,,,,,,,
USW00054787,"FARMINGDALE REPUBLIC AIRPORT, NY US",40.73443,-73.41637,22.8,2015-08-07,3.5,",,W",,,,,,,,,1350.0,",,W",0.0,",,W",,,,,,,,,28.3,",,W",18.9,",,W",,,,,140.0,",,W",120.0,",,W",,,,,7.2,",,W",10.3,",,W",,,,,,,,,,,,,,,,,,
USW00054787,"FARMINGDALE REPUBLIC AIRPORT, NY US",40.73443,-73.41637,22.8,2015-08-08,3.0,",,W",,,,,,,,,1207.0,",,W",0.0,",,W",,,,,,,,,28.3,",,W",17.8,",,W",,,,,150.0,",,W",60.0,",,W",,,,,5.8,",,W",8.1,",,W",,,,,,,,,,,,,,,,,,
USW00054787,"FARMINGDALE REPUBLIC AIRPORT, NY US",40.73443,-73.41637,22.8,2015-08-09,3.5,",,W",,,,,,,,,1145.0,",,W",0.0,",,W",,,,,,,,,28.3,",,W",17.8,",,W",,,,,160.0,",,W",10.0,",,W",,,,,7.2,",,W",10.7,",,W",,,,,,,,,,,,,,,,,,
USW00054787,"FARMINGDALE REPUBLIC AIRPORT, NY US",40.73443,-73.41637,22.8,2015-08-10,3.8,",,W",,,,,,,,,1624.0,",,W",0.0,",,W",,,,,,,,,26.7,",,W",18.3,",,W",,,,,160.0,",,W",150.0,",,W",,,,,7.2,",,W",8.9,",,W",,,,,,,,,,,,,,,,,,
USW00054787,"FARMINGDALE REPUBLIC AIRPORT, NY US",40.73443,-73.41637,22.8,2015-08-11,5.3,",,W",,,,,,,,,730.0,",,W",25.7,",,W",,,,,,,,,26.7,",,W",21.7,",,W",,,,,210.0,",,W",210.0,",,W",,,,,11.2,",,W",15.2,",,W",,,,,,,,,,,,,,,,,,
USW00054787,"FARMINGDALE REPUBLIC AIRPORT, NY US",40.73443,-73.41637,22.8,2015-08-12,2.5,",,W",,,,,,,,,720.0,",,W",0.3,",,W",,,,,,,,,30.0,",,W",20.0,",,W",,,,,220.0,",,W",320.0,",,W",,,,,6.7,",,W",8.1,",,W",,,,,,,,,,,,,,,,,,
USW00054787,"FARMINGDALE REPUBLIC AIRPORT, NY US",40.73443,-73.41637,22.8,2015-08-13,2.6,",,W",,,,,,,,,1326.0,",,W",0.0,",,W",,,,,,,,,28.9,",,W",19.4,",,W",,,,,190.0,",,W",300.0,",,W",,,,,6.7,",,W",9.4,",,W",,,,,,,,,,,,,,,,,,
USW00054787,"FARMINGDALE REPUBLIC AIRPORT, NY US",40.73443,-73.41637,22.8,2015-08-14,2.9,",,W",,,,,,,,,1803.0,",,W",0.0,",,W",,,,,,,,,29.4,",,W",17.2,",,W",,,,,200.0,",,W",200.0,",,W",,,,,7.2,",,W",9.4,",,W",,,,,,,,,,,,,,,,,,
USW00054787,"FARMINGDALE REPUBLIC AIRPORT, NY US",40.73443,-73.41637,22.8,2015-08-15,3.1,",,W",,,,,,,,,1701.0,",,W",0.0,",,W",,,,,,,,,31.1,",,W",20.6,",,W",,,,,200.0,",,W",190.0,",,W",,,,,7.6,",,W",9.4,",,W",,,,,,,,,,,,,,,,,,
USW00054787,"FARMINGDALE REPUBLIC AIRPORT, NY US",40.73443,-73.41637,22.8,2015-08-16,2.2,",,W",,,,,,,,,1419.0,",,W",9.1,",,W",,,,,,,,,31.1,",,W",23.3,",,W",,,,,190.0,",,W",290.0,",,W",,,,,6.3,",,W",8.5,",,W",,,,,,,,,,,,,,,,,,
USW00054787,"FARMINGDALE REPUBLIC AIRPORT, NY US",40.73443,-73.41637,22.8,2015-08-17,3.1,",,W",,,,,,,,,1616.0,",,W",0.0,",,W",,,,,,,,,32.2,",,W",22.8,",,W",,,,,200.0,",,W",210.0,",,W",,,,,6.7,",,W",8.1,",,W",,,,,,,,,,,,,,,,,,
USW00054787,"FARMINGDALE REPUBLIC AIRPORT, NY US",40.73443,-73.41637,22.8,2015-08-18,4.6,",,W",,,,,,,,,1650.0,",,W",0.0,",,W",,,,,,,,,30.0,",,W",23.9,",,W",,,,,200.0,",,W",190.0,",,W",,,,,9.4,",,W",11.2,",,W",,,,,,,,,,,,,,,,,,
USW00054787,"FARMINGDALE REPUBLIC AIRPORT, NY US",40.73443,-73.41637,22.8,2015-08-19,4.6,",,W",,,,,,,,,1425.0,",,W",0.0,",,W",,,,,,,,,28.9,",,W",23.3,",,W",,,,,160.0,",,W",170.0,",,W",,,,,7.6,",,W",10.3,",,W",,,,,,,,,,,,,,,,,,
USW00054787,"FARMINGDALE REPUBLIC AIRPORT, NY US",40.73443,-73.41637,22.8,2015-08-20,5.0,",,W",,,,,,,,,1317.0,",,W",0.0,",,W",,,,,,,,,29.4,",,W",24.4,",,W",,,,,160.0,",,W",130.0,",,W",,,,,10.3,",,W",12.5,",,W",,,,,,,,,,,,,,,,,,
USW00054787,"FARMINGDALE REPUBLIC AIRPORT, NY US",40.73443,-73.41637,22.8,2015-08-21,3.0,",,W",,,,,,,,,939.0,",,W",9.9,",,W",,,,,,,,,29.4,",,W",22.2,",,W",,,,,30.0,",,W",20.0,",,W",,,,,6.3,",,W",7.6,",,W",,,,,,,,,,,,,,,,,,
USW00054787,"FARMINGDALE REPUBLIC AIRPORT, NY US",40.73443,-73.41637,22.8,2015-08-22,3.8,",,W",,,,,,,,,827.0,",,W",0.0,",,W",,,,,,,,,28.9,",,W",20.0,",,W",,,,,20.0,",,W",20.0,",,W",,,,,7.6,",,W",9.4,",,W",,,,,,,,,,,,,,,,,,
USW00054787,"FARMINGDALE REPUBLIC AIRPORT, NY US",40.73443,-73.41637,22.8,2015-08-23,2.2,",,W",,,,,,,,,937.0,",,W",0.0,",,W",,,,,,,,,27.8,",,W",20.0,",,W",,,,,160.0,",,W",30.0,",,W",,,,,4.5,",,W",6.3,",,W",,,,,,,,,,,,,,,,,,
USW00054787,"FARMINGDALE REPUBLIC AIRPORT, NY US",40.73443,-73.41637,22.8,2015-08-24,2.6,",,W",,,,,,,,,1345.0,",,W",0.0,",,W",,,,,,,,,29.4,",,W",21.1,",,W",,,,,180.0,",,W",190.0,",,W",,,,,6.3,",,W",8.1,",,W",,,,,,,,,,,,,,,,,,
USW00054787,"FARMINGDALE REPUBLIC AIRPORT, NY US",40.73443,-73.41637,22.8,2015-08-25,4.3,",,W",,,,,,,,,1406.0,",,W",0.0,",,W",,,,,,,,,29.4,",,W",23.3,",,W",,,,,180.0,",,W",180.0,",,W",,,,,8.1,",,W",11.2,",,W",,,,,,,,,,,,,,,,,,
USW00054787,"FARMINGDALE REPUBLIC AIRPORT, NY US",40.73443,-73.41637,22.8,2015-08-26,3.0,",,W",,,,,,,,,1441.0,",,W",0.0,",,W",,,,,,,,,28.9,",,W",18.9,",,W",,,,,260.0,",,W",260.0,",,W",,,,,8.1,",,W",10.3,",,W",,,,,,,,,,,,,,,,,,
USW00054787,"FARMINGDALE REPUBLIC AIRPORT, NY US",40.73443,-73.41637,22.8,2015-08-27,2.6,",,W",,,,,,,,,1609.0,",,W",0.0,",,W",,,,,,,,,27.8,",,W",17.8,",,W",,,,,330.0,",,W",280.0,",,W",,,,,6.3,",,W",8.5,",,W",,,,,,,,,,,,,,,,,,
USW00054787,"FARMINGDALE REPUBLIC AIRPORT, NY US",40.73443,-73.41637,22.8,2015-08-28,2.3,",,W",,,,,,,,,749.0,",,W",0.0,",,W",,,,,,,,,27.2,",,W",17.8,",,W",,,,,210.0,",,W",10.0,",,W",,,,,5.8,",,W",7.2,",,W",,,,,,,,,,,,,,,,,,
USW00054787,"FARMINGDALE REPUBLIC AIRPORT, NY US",40.73443,-73.41637,22.8,2015-08-29,2.9,",,W",,,,,,,,,1738.0,",,W",0.0,",,W",,,,,,,,,28.9,",,W",16.7,",,W",,,,,200.0,",,W",200.0,",,W",,,,,7.2,",,W",9.4,",,W",,,,,,,,,,,,,,,,,,
USW00054787,"FARMINGDALE REPUBLIC AIRPORT, NY US",40.73443,-73.41637,22.8,2015-08-30,3.4,",,W",,,,,,,,,1740.0,",,W",0.3,",,W",,,,,,,,,30.0,",,W",20.6,",,W",,,,,200.0,",,W",200.0,",,W",,,,,6.7,",,W",8.5,",,W",,,,,,,,,,,,,,,,,,
USW00054787,"FARMINGDALE REPUBLIC AIRPORT, NY US",40.73443,-73.41637,22.8,2015-08-31,3.6,",,W",,,,,,,,,1316.0,",,W",0.0,",,W",,,,,,,,,33.3,",,W",23.3,",,W",,,,,260.0,",,W",270.0,",,W",,,,,8.1,",,W",9.8,",,W",,,,,,,,,,,,,,,,,,
USW00054787,"FARMINGDALE REPUBLIC AIRPORT, NY US",40.73443,-73.41637,22.8,2015-09-01,2.6,",,W",,,,,,,,,1445.0,",,W",0.0,",,W",,,,,,,,,31.1,",,W",22.2,",,W",,,,,160.0,",,W",150.0,",,W",,,,,5.8,",,W",7.6,",,W",,,,,,,,,,,,,,,,,,
USW00054787,"FARMINGDALE REPUBLIC AIRPORT, NY US",40.73443,-73.41637,22.8,2015-09-02,3.0,",,W",,,,,,,,,1022.0,",,W",0.0,",,W",,,,,,,,,30.6,",,W",20.0,",,W",,,,,200.0,",,W",220.0,",,W",,,,,7.2,",,W",10.3,",,W",,,,,,,,,,,,,,,,,,
USW00054787,"FARMINGDALE REPUBLIC AIRPORT, NY US",40.73443,-73.41637,22.8,2015-09-03,2.2,",,W",,,,,,,,,755.0,",,W",0.0,",,W",,,,,,,,,33.3,",,W",21.7,",,W",,,,,200.0,",,W",20.0,",,W",,,,,5.8,",,W",7.2,",,W",,,,,,,,,,,,,,,,,,
USW00054787,"FARMINGDALE REPUBLIC AIRPORT, NY US",40.73443,-73.41637,22.8,2015-09-04,3.6,",,W",,,,,,,,,1011.0,",,W",0.0,",,W",,,,,,,,,28.3,",,W",20.0,",,W",,,,,100.0,",,W",90.0,",,W",,,,,6.7,",,W",9.8,",,W",,,,,,,,,,,,,,,,,,
USW00054787,"FARMINGDALE REPUBLIC AIRPORT, NY US",40.73443,-73.41637,22.8,2015-09-05,2.6,",,W",,,,,,,,,1301.0,",,W",0.0,",,W",,,,,,,,,27.2,",,W",17.2,",,W",,,,,150.0,",,W",150.0,",,W",,,,,6.7,",,W",8.5,",,W",,,,,,,,,,,,,,,,,,
USW00054787,"FARMINGDALE REPUBLIC AIRPORT, NY US",40.73443,-73.41637,22.8,2015-09-06,2.6,",,W",,,,,,,,,1137.0,",,W",0.0,",,W",,,,,,,,,27.2,",,W",15.6,",,W",,,,,190.0,",,W",190.0,",,W",,,,,5.8,",,W",8.1,",,W",,,,,,,,,,,,,,,,,,
USW00054787,"FARMINGDALE REPUBLIC AIRPORT, NY US",40.73443,-73.41637,22.8,2015-09-07,4.2,",,W",,,,,,,,,1651.0,",,W",0.0,",,W",,,,,,,,,30.0,",,W",19.4,",,W",,,,,210.0,",,W",200.0,",,W",,,,,7.6,",,W",10.7,",,W",,,,,,,,,,,,,,,,,,
USW00054787,"FARMINGDALE REPUBLIC AIRPORT, NY US",40.73443,-73.41637,22.8,2015-09-08,4.6,",,W",,,,,,,,,1616.0,",,W",0.0,",,W",,,,,,,,,33.3,",,W",22.8,",,W",,,,,220.0,",,W",230.0,",,W",,,,,8.9,",,W",11.2,",,W",,,,,,,,,,,,,,,,,,
USW00054787,"FARMINGDALE REPUBLIC AIRPORT, NY US",40.73443,-73.41637,22.8,2015-09-09,4.7,",,W",,,,,,,,,1640.0,",,W",0.0,"T,,W",,,,,,,,,30.6,",,W",23.3,",,W",,,,,190.0,",,W",200.0,",,W",,,,,8.9,",,W",11.2,",,W",,,,,,,,,,,,,,,,,,
USW00054787,"FARMINGDALE REPUBLIC AIRPORT, NY US",40.73443,-73.41637,22.8,2015-09-10,3.3,",,W",,,,,,,,,2230.0,",,W",66.0,",,W",,,,,,,,,26.1,",,W",21.1,",,W",,,,,200.0,",,W",60.0,",,W",,,,,6.7,",,W",8.5,",,W",,,,,,,,,,,,,,,,,,
USW00054787,"FARMINGDALE REPUBLIC AIRPORT, NY US",40.73443,-73.41637,22.8,2015-09-11,3.4,",,W",,,,,,,,,1101.0,",,W",0.5,",,W",,,,,,,,,26.7,",,W",18.3,",,W",,,,,10.0,",,W",10.0,",,W",,,,,8.1,",,W",10.3,",,W",,,,,,,,,,,,,,,,,,
USW00054787,"FARMINGDALE REPUBLIC AIRPORT, NY US",40.73443,-73.41637,22.8,2015-09-12,4.3,",,W",,,,,,,,,1917.0,",,W",4.3,",,W",,,,,,,,,26.1,",,W",17.2,",,W",,,,,120.0,",,W",120.0,",,W",,,,,10.3,",,W",14.3,",,W",,,,,,,,,,,,,,,,,,
USW00054787,"FARMINGDALE REPUBLIC AIRPORT, NY US",40.73443,-73.41637,22.8,2015-09-13,3.5,",,W",,,,,,,,,1636.0,",,W",1.5,",,W",,,,,,,,,26.1,",,W",16.7,",,W",,,,,280.0,",,W",250.0,",,W",,,,,8.1,",,W",11.2,",,W",,,,,,,,,,,,,,,,,,
USW00054787,"FARMINGDALE REPUBLIC AIRPORT, NY US",40.73443,-73.41637,22.8,2015-09-14,4.1,",,W",,,,,,,,,1106.0,",,W",0.0,",,W",,,,,,,,,24.4,",,W",14.4,",,W",,,,,280.0,",,W",290.0,",,W",,,,,9.8,",,W",13.4,",,W",,,,,,,,,,,,,,,,,,
USW00054787,"FARMINGDALE REPUBLIC AIRPORT, NY US",40.73443,-73.41637,22.8,2015-09-15,2.1,",,W",,,,,,,,,1218.0,",,W",0.0,",,W",,,,,,,,,26.7,",,W",13.9,",,W",,,,,200.0,",,W",170.0,",,W",,,,,6.7,",,W",9.4,",,W",,,,,,,,,,,,,,,,,,
USW00054787,"FARMINGDALE REPUBLIC AIRPORT, NY US",40.73443,-73.41637,22.8,2015-09-16,2.1,",,W",,,,,,,,,813.0,",,W",0.0,",,W",,,,,,,,,29.4,",,W",17.2,",,W",,,,,180.0,",,W",30.0,",,W",,,,,4.5,",,W",6.7,",,W",,,,,,,,,,,,,,,,,,
USW00054787,"FARMINGDALE REPUBLIC AIRPORT, NY US",40.73443,-73.41637,22.8,2015-09-17,1.8,",,W",,,,,,,,,1421.0,",,W",0.0,",,W",,,,,,,,,30.0,",,W",17.8,",,W",,,,,170.0,",,W",170.0,",,W",,,,,5.8,",,W",7.2,",,W",,,,,,,,,,,,,,,,,,
USW00054787,"FARMINGDALE REPUBLIC AIRPORT, NY US",40.73443,-73.41637,22.8,2015-09-18,2.2,",,W",,,,,,,,,1448.0,",,W",0.0,",,W",,,,,,,,,27.8,",,W",16.7,",,W",,,,,170.0,",,W",210.0,",,W",,,,,5.8,",,W",7.6,",,W",,,,,,,,,,,,,,,,,,
USW00054787,"FARMINGDALE REPUBLIC AIRPORT, NY US",40.73443,-73.41637,22.8,2015-09-19,3.5,",,W",,,,,,,,,1703.0,",,W",0.0,",,W",,,,,,,,,26.1,",,W",18.3,",,W",,,,,190.0,",,W",190.0,",,W",,,,,7.6,",,W",8.5,",,W",,,,,,,,,,,,,,,,,,
USW00054787,"FARMINGDALE REPUBLIC AIRPORT, NY US",40.73443,-73.41637,22.8,2015-09-20,5.4,",,W",,,,,,,,,902.0,",,W",0.0,",,W",,,,,,,,,25.6,",,W",16.7,",,W",,,,,10.0,",,W",350.0,",,W",,,,,9.4,",,W",11.6,",,W",,,,,,,,,,,,,,,,,,
USW00054787,"FARMINGDALE REPUBLIC AIRPORT, NY US",40.73443,-73.41637,22.8,2015-09-21,4.2,",,W",,,,,,,,,1200.0,",,W",0.0,",,W",,,,,,,,,21.7,",,W",15.0,",,W",,,,,40.0,",,W",30.0,",,W",,,,,7.6,",,W",10.3,",,W",,,,,,,,,,,,,,,,,,
USW00054787,"FARMINGDALE REPUBLIC AIRPORT, NY US",40.73443,-73.41637,22.8,2015-09-22,3.6,",,W",,,,,,,,,934.0,",,W",0.0,",,W",,,,,,,,,22.2,",,W",15.6,",,W",,,,,120.0,",,W",40.0,",,W",,,,,6.7,",,W",9.8,",,W",,,,,,,,,,,,,,,,,,
USW00054787,"FARMINGDALE REPUBLIC AIRPORT, NY US",40.73443,-73.41637,22.8,2015-09-23,2.9,",,W",,,,,,,,,1145.0,",,W",0.0,",,W",,,,,,,,,25.0,",,W",13.3,",,W",,,,,30.0,",,W",10.0,",,W",,,,,6.3,",,W",8.5,",,W",,,,,,,,,,,,,,,,,,
USW00054787,"FARMINGDALE REPUBLIC AIRPORT, NY US",40.73443,-73.41637,22.8,2015-09-24,3.2,",,W",,,,,,,,,1437.0,",,W",0.0,",,W",,,,,,,,,26.7,",,W",13.9,",,W",,,,,30.0,",,W",40.0,",,W",,,,,6.7,",,W",8.1,",,W",,,,,,,,,,,,,,,,,,
USW00054787,"FARMINGDALE REPUBLIC AIRPORT, NY US",40.73443,-73.41637,22.8,2015-09-25,3.1,",,W",,,,,,,,,1110.0,",,W",0.0,",,W",,,,,,,,,23.3,",,W",16.1,",,W",,,,,60.0,",,W",60.0,",,W",,,,,6.3,",,W",8.5,",,W",,,,,,,,,,,,,,,,,,
USW00054787,"FARMINGDALE REPUBLIC AIRPORT, NY US",40.73443,-73.41637,22.8,2015-09-26,3.8,",,W",,,,,,,,,953.0,",,W",0.0,",,W",,,,,,,,,21.7,",,W",13.3,",,W",,,,,50.0,",,W",40.0,",,W",,,,,8.1,",,W",10.7,",,W",,,,,,,,,,,,,,,,,,
USW00054787,"FARMINGDALE REPUBLIC AIRPORT, NY US",40.73443,-73.41637,22.8,2015-09-27,3.0,",,W",,,,,,,,,856.0,",,W",0.0,",,W",,,,,,,,,21.7,",,W",11.7,",,W",,,,,40.0,",,W",40.0,",,W",,,,,5.8,",,W",7.6,",,W",,,,,,,,,,,,,,,,,,
USW00054787,"FARMINGDALE REPUBLIC AIRPORT, NY US",40.73443,-73.41637,22.8,2015-09-28,2.5,",,W",,,,,,,,,1423.0,",,W",0.3,",,W",,,,,,,,,26.7,",,W",15.6,",,W",,,,,140.0,",,W",170.0,",,W",,,,,5.8,",,W",7.6,",,W",,,,,,,,,,,,,,,,,,
USW00054787,"FARMINGDALE REPUBLIC AIRPORT, NY US",40.73443,-73.41637,22.8,2015-09-29,2.9,",,W",,,,,,,,,2351.0,",,W",4.8,",,W",,,,,,,,,27.2,",,W",20.0,",,W",,,,,170.0,",,W",120.0,",,W",,,,,7.2,",,W",8.9,",,W",,,,,,,,,,,,,,,,,,
USW00054787,"FARMINGDALE REPUBLIC AIRPORT, NY US",40.73443,-73.41637,22.8,2015-09-30,6.7,",,W",,,,,,,,,538.0,",,W",15.0,",,W",,,,,,,,,25.6,",,W",15.0,",,W",,,,,160.0,",,W",190.0,",,W",,,,,12.5,",,W",14.3,",,W",,,,,,,,,,,,,,,,,,
USW00054787,"FARMINGDALE REPUBLIC AIRPORT, NY US",40.73443,-73.41637,22.8,2015-10-01,5.4,",,W",,,,,,,,,834.0,",,W",1.5,",,W",,,,,,,,,15.6,",,W",13.3,",,W",,,,,10.0,",,W",50.0,",,W",,,,,10.3,",,W",13.0,",,W",,,,,,,,,,,,,,,,,,
USW00054787,"FARMINGDALE REPUBLIC AIRPORT, NY US",40.73443,-73.41637,22.8,2015-10-02,7.6,",,W",,,,,,,,,1719.0,",,W",38.1,",,W",,,,,,,,,13.9,",,W",10.0,",,W",,,,,30.0,",,W",30.0,",,W",,,,,11.2,",,W",15.2,",,W",,,,,,,,,,,,,,,,,,
USW00054787,"FARMINGDALE REPUBLIC AIRPORT, NY US",40.73443,-73.41637,22.8,2015-10-03,6.9,",,W",,,,,,,,,2009.0,",,W",5.1,",,W",,,,,,,,,13.9,",,W",10.6,",,W",,,,,50.0,",,W",70.0,",,W",,,,,10.7,",,W",15.7,",,W",,,,,,,,,,,,,,,,,,
USW00054787,"FARMINGDALE REPUBLIC AIRPORT, NY US",40.73443,-73.41637,22.8,2015-10-04,5.5,",,W",,,,,,,,,1207.0,",,W",0.0,",,W",,,,,,,,,17.8,",,W",12.2,",,W",,,,,50.0,",,W",40.0,",,W",,,,,9.4,",,W",14.3,",,W",,,,,,,,,,,,,,,,,,
USW00054787,"FARMINGDALE REPUBLIC AIRPORT, NY US",40.73443,-73.41637,22.8,2015-10-05,4.4,",,W",,,,,,,,,252.0,",,W",0.0,",,W",,,,,,,,,18.9,",,W",11.7,",,W",,,,,30.0,",,W",40.0,",,W",,,,,8.1,",,W",11.6,",,W",,,,,,,,,,,,,,,,,,
USW00054787,"FARMINGDALE REPUBLIC AIRPORT, NY US",40.73443,-73.41637,22.8,2015-10-06,2.0,",,W",,,,,,,,,1102.0,",,W",0.0,",,W",,,,,,,,,22.2,",,W",10.0,",,W",,,,,10.0,",,W",350.0,",,W",,,,,5.4,",,W",6.7,",,W",,,,,,,,,,,,,,,,,,
USW00054787,"FARMINGDALE REPUBLIC AIRPORT, NY US",40.73443,-73.41637,22.8,2015-10-07,2.3,",,W",,,,,,,,,841.0,",,W",0.0,",,W",,,,,,,,,22.2,",,W",13.3,",,W",,,,,30.0,",,W",40.0,",,W",,,,,5.8,",,W",7.6,",,W",,,,,,,,,,,,,,,,,,
USW00054787,"FARMINGDALE REPUBLIC AIRPORT, NY US",40.73443,-73.41637,22.8,2015-10-08,2.3,",,W",,,,,,,,,1301.0,",,W",0.0,",,W",,,,,,,,,21.1,",,W",12.8,",,W",,,,,160.0,",,W",180.0,",,W",,,,,5.8,",,W",7.2,",,W",,,,,,,,,,,,,,,,,,
USW00054787,"FARMINGDALE REPUBLIC AIRPORT, NY US",40.73443,-73.41637,22.8,2015-10-09,4.3,",,W",,,,,,,,,1133.0,",,W",9.7,",,W",,,,,,,,,22.8,",,W",12.8,",,W",,,,,210.0,",,W",220.0,",,W",,,,,11.2,",,W",14.8,",,W",,,,,,,,,,,,,,,,,,
USW00054787,"FARMINGDALE REPUBLIC AIRPORT, NY US",40.73443,-73.41637,22.8,2015-10-10,3.6,",,W",,,,,,,,,431.0,",,W",0.0,",,W",,,,,,,,,17.8,",,W",8.3,",,W",,,,,360.0,",,W",360.0,",,W",,,,,8.9,",,W",12.1,",,W",,,,,,,,,,,,,,,,,,
USW00054787,"FARMINGDALE REPUBLIC AIRPORT, NY US",40.73443,-73.41637,22.8,2015-10-11,2.6,",,W",,,,,,,,,1355.0,",,W",0.0,",,W",,,,,,,,,19.4,",,W",7.2,",,W",,,,,210.0,",,W",200.0,",,W",,,,,7.2,",,W",8.9,",,W",,,,,,,,,,,,,,,,,,
USW00054787,"FARMINGDALE REPUBLIC AIRPORT, NY US",40.73443,-73.41637,22.8,2015-10-12,2.4,",,W",,,,,,,,,1443.0,",,W",0.0,",,W",,,,,,,,,23.3,",,W",10.0,",,W",,,,,200.0,",,W",190.0,",,W",,,,,6.3,",,W",8.1,",,W",,,,,,,,,,,,,,,,,,
USW00054787,"FARMINGDALE REPUBLIC AIRPORT, NY US",40.73443,-73.41637,22.8,2015-10-13,3.4,",,W",,,,,,,,,1208.0,",,W",0.0,"T,,W",,,,,,,,,23.3,",,W",15.0,",,W",,,,,210.0,",,W",210.0,",,W",,,,,9.8,",,W",11.6,",,W",,,,,,,,,,,,,,,,,,
USW00054787,"FARMINGDALE REPUBLIC AIRPORT, NY US",40.73443,-73.41637,22.8,2015-10-14,3.0,",,W",,,,,,,,,1252.0,",,W",0.0,",,W",,,,,,,,,21.1,",,W",13.3,",,W",,,,,310.0,",,W",280.0,",,W",,,,,5.8,",,W",8.1,",,W",,,,,,,,,,,,,,,,,,
USW00054787,"FARMINGDALE REPUBLIC AIRPORT, NY US",40.73443,-73.41637,22.8,2015-10-15,3.0,",,W",,,,,,,,,1056.0,",,W",0.0,",,W",,,,,,,,,17.8,",,W",8.9,",,W",,,,,240.0,",,W",280.0,",,W",,,,,6.3,",,W",8.5,",,W",,,,,,,,,,,,,,,,,,
USW00054787,"FARMINGDALE REPUBLIC AIRPORT, NY US",40.73443,-73.41637,22.8,2015-10-16,3.8,",,W",,,,,,,,,1146.0,",,W",0.0,",,W",,,,,,,,,17.8,",,W",9.4,",,W",,,,,280.0,",,W",300.0,",,W",,,,,7.6,",,W",11.2,",,W",,,,,,,,,,,,,,,,,,
USW00054787,"FARMINGDALE REPUBLIC AIRPORT, NY US",40.73443,-73.41637,22.8,2015-10-17,4.3,",,W",,,,,,,,,946.0,",,W",0.0,",,W",,,,,,,,,12.8,",,W",5.6,",,W",,,,,290.0,",,W",290.0,",,W",,,,,8.9,",,W",11.2,",,W",,,,,,,,,,,,,,,,,,
USW00054787,"FARMINGDALE REPUBLIC AIRPORT, NY US",40.73443,-73.41637,22.8,2015-10-18,3.2,",,W",,,,,,,,,1331.0,",,W",0.0,",,W",,,,,,,,,9.4,",,W",1.1,",,W",,,,,10.0,",,W",20.0,",,W",,,,,8.1,",,W",10.7,",,W",,,,,,,,,,,,,,,,,,
USW00054787,"FARMINGDALE REPUBLIC AIRPORT, NY US",40.73443,-73.41637,22.8,2015-10-19,3.7,",,W",,,,,,,,,2348.0,",,W",0.0,",,W",,,,,,,,,10.6,",,W",0.6,",,W",,,,,250.0,",,W",240.0,",,W",,,,,8.9,",,W",12.5,",,W",,,,,,,,,,,,,,,,,,
USW00054787,"FARMINGDALE REPUBLIC AIRPORT, NY US",40.73443,-73.41637,22.8,2015-10-20,5.5,",,W",,,,,,,,,1427.0,",,W",0.0,",,W",,,,,,,,,20.0,",,W",9.4,",,W",,,,,240.0,",,W",240.0,",,W",,,,,8.9,",,W",11.2,",,W",,,,,,,,,,,,,,,,,,
USW00054787,"FARMINGDALE REPUBLIC AIRPORT, NY US",40.73443,-73.41637,22.8,2015-10-21,2.0,",,W",,,,,,,,,1640.0,",,W",0.0,",,W",,,,,,,,,23.3,",,W",10.6,",,W",,,,,190.0,",,W",190.0,",,W",,,,,5.4,",,W",5.8,",,W",,,,,,,,,,,,,,,,,,
USW00054787,"FARMINGDALE REPUBLIC AIRPORT, NY US",40.73443,-73.41637,22.8,2015-10-22,3.4,",,W",,,,,,,,,1357.0,",,W",0.0,",,W",,,,,,,,,21.1,",,W",10.0,",,W",,,,,220.0,",,W",220.0,",,W",,,,,8.1,",,W",10.3,",,W",,,,,,,,,,,,,,,,,,
USW00054787,"FARMINGDALE REPUBLIC AIRPORT, NY US",40.73443,-73.41637,22.8,2015-10-23,4.3,",,W",,,,,,,,,1329.0,",,W",0.0,",,W",,,,,,,,,17.2,",,W",5.6,",,W",,,,,10.0,",,W",10.0,",,W",,,,,9.4,",,W",12.5,",,W",,,,,,,,,,,,,,,,,,
USW00054787,"FARMINGDALE REPUBLIC AIRPORT, NY US",40.73443,-73.41637,22.8,2015-10-24,2.9,",,W",,,,,,,,,1121.0,",,W",0.0,",,W",,,,,,,,,13.9,",,W",3.9,",,W",,,,,110.0,",,W",140.0,",,W",,,,,5.8,",,W",7.2,",,W",,,,,,,,,,,,,,,,,,
USW00054787,"FARMINGDALE REPUBLIC AIRPORT, NY US",40.73443,-73.41637,22.8,2015-10-25,4.9,",,W",,,,,,,,,1639.0,",,W",0.5,",,W",,,,,,,,,18.9,",,W",10.6,",,W",,,,,230.0,",,W",330.0,",,W",,,,,9.4,",,W",11.6,",,W",,,,,,,,,,,,,,,,,,
USW00054787,"FARMINGDALE REPUBLIC AIRPORT, NY US",40.73443,-73.41637,22.8,2015-10-26,2.6,",,W",,,,,,,,,1345.0,",,W",0.0,",,W",,,,,,,,,14.4,",,W",4.4,",,W",,,,,360.0,",,W",10.0,",,W",,,,,6.3,",,W",8.1,",,W",,,,,,,,,,,,,,,,,,
USW00054787,"FARMINGDALE REPUBLIC AIRPORT, NY US",40.73443,-73.41637,22.8,2015-10-27,2.7,",,W",,,,,,,,,1132.0,",,W",0.0,",,W",,,,,,,,,14.4,",,W",4.4,",,W",,,,,150.0,",,W",140.0,",,W",,,,,5.4,",,W",6.7,",,W",,,,,,,,,,,,,,,,,,
USW00054787,"FARMINGDALE REPUBLIC AIRPORT, NY US",40.73443,-73.41637,22.8,2015-10-28,7.5,",,W",,,,,,,,,2307.0,",,W",21.6,",,W",,,,,,,,,20.6,",,W",9.4,",,W",,,,,170.0,",,W",180.0,",,W",,,,,13.4,",,W",19.2,",,W",,,,,,,,,,,,,,,,,,
USW00054787,"FARMINGDALE REPUBLIC AIRPORT, NY US",40.73443,-73.41637,22.8,2015-10-29,6.8,",,W",,,,,,,,,38.0,",,W",1.3,",,W",,,,,,,,,22.8,",,W",14.4,",,W",,,,,190.0,",,W",190.0,",,W",,,,,13.0,",,W",17.0,",,W",,,,,,,,,,,,,,,,,,
USW00054787,"FARMINGDALE REPUBLIC AIRPORT, NY US",40.73443,-73.41637,22.8,2015-10-30,4.3,",,W",,,,,,,,,29.0,",,W",0.0,",,W",,,,,,,,,16.7,",,W",7.2,",,W",,,,,270.0,",,W",270.0,",,W",,,,,8.1,",,W",10.7,",,W",,,,,,,,,,,,,,,,,,
USW00054787,"FARMINGDALE REPUBLIC AIRPORT, NY US",40.73443,-73.41637,22.8,2015-10-31,1.9,",,W",,,,,,,,,1357.0,",,W",0.0,",,W",,,,,,,,,12.8,",,W",2.8,",,W",,,,,200.0,",,W",210.0,",,W",,,,,5.8,",,W",7.6,",,W",,,,,,,,,,,,,,,,,,
USW00054787,"FARMINGDALE REPUBLIC AIRPORT, NY US",40.73443,-73.41637,22.8,2015-11-01,4.1,",,W",,,,,,,,,932.0,",,W",0.0,",,W",,,,,,,,,17.8,",,W",9.4,",,W",,,,,230.0,",,W",210.0,",,W",,,,,9.4,",,W",12.1,",,W",,,,,,,,,,,,,,,,,,
USW00054787,"FARMINGDALE REPUBLIC AIRPORT, NY US",40.73443,-73.41637,22.8,2015-11-02,1.3,",,W",,,,,,,,,1302.0,",,W",0.0,",,W",,,,,,,,,17.8,",,W",8.3,",,W",,,,,280.0,",,W",240.0,",,W",,,,,4.0,",,W",4.9,",,W",,,,,,,,,,,,,,,,,,
USW00054787,"FARMINGDALE REPUBLIC AIRPORT, NY US",40.73443,-73.41637,22.8,2015-11-03,1.6,",,W",,,,,,,,,1216.0,",,W",0.0,",,W",,,,,,,,,21.7,",,W",6.7,",,W",,,,,200.0,",,W",270.0,",,W",,,,,5.8,",,W",6.3,",,W",,,,,,,,,,,,,,,,,,
USW00054787,"FARMINGDALE REPUBLIC AIRPORT, NY US",40.73443,-73.41637,22.8,2015-11-04,2.0,",,W",,,,,,,,,1102.0,",,W",0.0,",,W",,,,,,,,,20.0,",,W",10.0,",,W",,,,,120.0,",,W",120.0,",,W",,,,,5.8,",,W",7.2,",,W",,,,,,,,,,,,,,,,,,
USW00054787,"FARMINGDALE REPUBLIC AIRPORT, NY US",40.73443,-73.41637,22.8,2015-11-05,1.7,",,W",,,,,,,,,1116.0,",,W",0.0,"T,,W",,,,,,,,,21.7,",,W",10.0,",,W",,,,,250.0,",,W",260.0,",,W",,,,,6.3,",,W",7.2,",,W",,,,,,,,,,,,,,,,,,
USW00054787,"FARMINGDALE REPUBLIC AIRPORT, NY US",40.73443,-73.41637,22.8,2015-11-06,3.6,",,W",,,,,,,,,1304.0,",,W",0.0,",,W",,,,,,,,,21.1,",,W",17.8,",,W",,,,,210.0,",,W",230.0,",,W",,,,,7.6,",,W",10.7,",,W",,,,,,,,,,,,,,,,,,
USW00054787,"FARMINGDALE REPUBLIC AIRPORT, NY US",40.73443,-73.41637,22.8,2015-11-07,3.4,",,W",,,,,,,,,1853.0,",,W",0.0,",,W",,,,,,,,,21.1,",,W",11.7,",,W",,,,,330.0,",,W",320.0,",,W",,,,,8.1,",,W",11.2,",,W",,,,,,,,,,,,,,,,,,
USW00054787,"FARMINGDALE REPUBLIC AIRPORT, NY US",40.73443,-73.41637,22.8,2015-11-08,2.8,",,W",,,,,,,,,335.0,",,W",0.0,",,W",,,,,,,,,14.4,",,W",5.0,",,W",,,,,330.0,",,W",320.0,",,W",,,,,7.6,",,W",11.6,",,W",,,,,,,,,,,,,,,,,,
USW00054787,"FARMINGDALE REPUBLIC AIRPORT, NY US",40.73443,-73.41637,22.8,2015-11-09,1.3,",,W",,,,,,,,,1420.0,",,W",0.0,",,W",,,,,,,,,15.0,",,W",2.8,",,W",,,,,220.0,",,W",200.0,",,W",,,,,5.4,",,W",7.6,",,W",,,,,,,,,,,,,,,,,,
USW00054787,"FARMINGDALE REPUBLIC AIRPORT, NY US",40.73443,-73.41637,22.8,2015-11-10,4.8,",,W",,,,,,,,,2248.0,",,W",9.4,",,W",,,,,,,,,14.4,",,W",10.0,",,W",,,,,40.0,",,W",50.0,",,W",,,,,8.9,",,W",13.4,",,W",,,,,,,,,,,,,,,,,,
USW00054787,"FARMINGDALE REPUBLIC AIRPORT, NY US",40.73443,-73.41637,22.8,2015-11-11,4.9,",,W",,,,,,,,,2.0,",,W",0.8,",,W",,,,,,,,,13.3,",,W",9.4,",,W",,,,,360.0,",,W",30.0,",,W",,,,,9.8,",,W",13.0,",,W",,,,,,,,,,,,,,,,,,
USW00054787,"FARMINGDALE REPUBLIC AIRPORT, NY US",40.73443,-73.41637,22.8,2015-11-12,4.0,",,W",,,,,,,,,2329.0,",,W",1.0,",,W",,,,,,,,,16.1,",,W",10.6,",,W",,,,,300.0,",,W",290.0,",,W",,,,,9.8,",,W",14.8,",,W",,,,,,,,,,,,,,,,,,
USW00054787,"FARMINGDALE REPUBLIC AIRPORT, NY US",40.73443,-73.41637,22.8,2015-11-13,7.4,",,W",,,,,,,,,2239.0,",,W",0.0,",,W",,,,,,,,,15.6,",,W",8.9,",,W",,,,,280.0,",,W",270.0,",,W",,,,,12.5,",,W",17.9,",,W",,,,,,,,,,,,,,,,,,
USW00054787,"FARMINGDALE REPUBLIC AIRPORT, NY US",40.73443,-73.41637,22.8,2015-11-14,5.9,",,W",,,,,,,,,1043.0,",,W",0.0,",,W",,,,,,,,,10.0,",,W",5.0,",,W",,,,,280.0,",,W",330.0,",,W",,,,,10.7,",,W",16.1,",,W",,,,,,,,,,,,,,,,,,
USW00054787,"FARMINGDALE REPUBLIC AIRPORT, NY US",40.73443,-73.41637,22.8,2015-11-15,4.0,",,W",,,,,,,,,1533.0,",,W",0.0,",,W",,,,,,,,,14.4,",,W",2.2,",,W",,,,,270.0,",,W",260.0,",,W",,,,,8.9,",,W",10.7,",,W",,,,,,,,,,,,,,,,,,
USW00054787,"FARMINGDALE REPUBLIC AIRPORT, NY US",40.73443,-73.41637,22.8,2015-11-16,2.9,",,W",,,,,,,,,1234.0,",,W",0.0,",,W",,,,,,,,,19.4,",,W",5.6,",,W",,,,,290.0,",,W",290.0,",,W",,,,,7.6,",,W",9.4,",,W",,,,,,,,,,,,,,,,,,
USW00054787,"FARMINGDALE REPUBLIC AIRPORT, NY US",40.73443,-73.41637,22.8,2015-11-17,3.1,",,W",,,,,,,,,127.0,",,W",0.0,",,W",,,,,,,,,11.1,",,W",3.3,",,W",,,,,40.0,",,W",70.0,",,W",,,,,7.6,",,W",10.7,",,W",,,,,,,,,,,,,,,,,,
USW00054787,"FARMINGDALE REPUBLIC AIRPORT, NY US",40.73443,-73.41637,22.8,2015-11-18,3.9,",,W",,,,,,,,,1644.0,",,W",0.0,",,W",,,,,,,,,14.4,",,W",3.9,",,W",,,,,140.0,",,W",130.0,",,W",,,,,7.2,",,W",9.4,",,W",,,,,,,,,,,,,,,,,,
USW00054787,"FARMINGDALE REPUBLIC AIRPORT, NY US",40.73443,-73.41637,22.8,2015-11-19,7.7,",,W",,,,,,,,,2228.0,",,W",19.3,",,W",,,,,,,,,17.2,",,W",13.3,",,W",,,,,180.0,",,W",170.0,",,W",,,,,12.5,",,W",17.0,",,W",,,,,,,,,,,,,,,,,,
USW00054787,"FARMINGDALE REPUBLIC AIRPORT, NY US",40.73443,-73.41637,22.8,2015-11-20,3.7,",,W",,,,,,,,,915.0,",,W",2.3,",,W",,,,,,,,,17.2,",,W",6.1,",,W",,,,,360.0,",,W",360.0,",,W",,,,,8.1,",,W",11.2,",,W",,,,,,,,,,,,,,,,,,
USW00054787,"FARMINGDALE REPUBLIC AIRPORT, NY US",40.73443,-73.41637,22.8,2015-11-21,3.9,",,W",,,,,,,,,604.0,",,W",0.0,",,W",,,,,,,,,11.1,",,W",5.6,",,W",,,,,20.0,",,W",20.0,",,W",,,,,8.9,",,W",12.5,",,W",,,,,,,,,,,,,,,,,,
USW00054787,"FARMINGDALE REPUBLIC AIRPORT, NY US",40.73443,-73.41637,22.8,2015-11-22,4.3,",,W",,,,,,,,,2109.0,",,W",2.0,",,W",,,,,,,,,13.9,",,W",6.1,",,W",,,,,360.0,",,W",360.0,",,W",,,,,9.4,",,W",12.5,",,W",,,,,,,,,,,,,,,,,,
USW00054787,"FARMINGDALE REPUBLIC AIRPORT, NY US",40.73443,-73.41637,22.8,2015-11-23,4.7,",,W",,,,,,,,,43.0,",,W",0.0,",,W",,,,,,,,,6.7,",,W",0.0,",,W",,,,,360.0,",,W",360.0,",,W",,,,,9.4,",,W",12.5,",,W",,,,,,,,,,,,,,,,,,
USW00054787,"FARMINGDALE REPUBLIC AIRPORT, NY US",40.73443,-73.41637,22.8,2015-11-24,1.4,",,W",,,,,,,,,1339.0,",,W",0.0,",,W",,,,,,,,,7.8,",,W",-2.1,",,W",,,,,250.0,",,W",290.0,",,W",,,,,6.3,",,W",8.5,",,W",,,,,,,,,,,,,,,,,,
USW00054787,"FARMINGDALE REPUBLIC AIRPORT, NY US",40.73443,-73.41637,22.8,2015-11-25,1.6,",,W",,,,,,,,,1329.0,",,W",0.0,",,W",,,,,,,,,10.6,",,W",-1.0,",,W",,,,,130.0,",,W",100.0,",,W",,,,,4.0,",,W",5.8,",,W",,,,,,,,,,,,,,,,,,
USW00054787,"FARMINGDALE REPUBLIC AIRPORT, NY US",40.73443,-73.41637,22.8,2015-11-26,2.3,",,W",,,,,,,,,1408.0,",,W",0.0,",,W",,,,,,,,,16.1,",,W",0.0,",,W",,,,,210.0,",,W",170.0,",,W",,,,,5.8,",,W",8.5,",,W",,,,,,,,,,,,,,,,,,
USW00054787,"FARMINGDALE REPUBLIC AIRPORT, NY US",40.73443,-73.41637,22.8,2015-11-27,2.6,",,W",,,,,,,,,1202.0,",,W",0.0,",,W",,,,,,,,,18.3,",,W",5.6,",,W",,,,,240.0,",,W",210.0,",,W",,,,,6.7,",,W",8.9,",,W",,,,,,,,,,,,,,,,,,
USW00054787,"FARMINGDALE REPUBLIC AIRPORT, NY US",40.73443,-73.41637,22.8,2015-11-28,3.2,",,W",,,,,,,,,1500.0,",,W",0.5,",,W",,,,,,,,,17.8,",,W",7.8,",,W",,,,,20.0,",,W",20.0,",,W",,,,,7.2,",,W",8.5,",,W",,,,,,,,,,,,,,,,,,
USW00054787,"FARMINGDALE REPUBLIC AIRPORT, NY US",40.73443,-73.41637,22.8,2015-11-29,4.1,",,W",,,,,,,,,1929.0,",,W",0.0,",,W",,,,,,,,,9.4,",,W",3.3,",,W",,,,,20.0,",,W",20.0,",,W",,,,,8.1,",,W",10.3,",,W",,,,,,,,,,,,,,,,,,
USW00054787,"FARMINGDALE REPUBLIC AIRPORT, NY US",40.73443,-73.41637,22.8,2015-11-30,3.4,",,W",,,,,,,,,50.0,",,W",0.0,",,W",,,,,,,,,8.9,",,W",1.1,",,W",,,,,40.0,",,W",40.0,",,W",,,,,6.7,",,W",8.9,",,W",,,,,,,,,,,,,,,,,,
USW00054787,"FARMINGDALE REPUBLIC AIRPORT, NY US",40.73443,-73.41637,22.8,2015-12-01,4.0,",,W",,,,,,,,,1008.0,",,W",3.6,",,W",,,,,,,,,10.6,",,W",7.2,",,W",,,,,90.0,",,W",120.0,",,W",,,,,8.1,",,W",11.6,",,W",1.0,",,W",,,,,,,,,,,,,,,,
USW00054787,"FARMINGDALE REPUBLIC AIRPORT, NY US",40.73443,-73.41637,22.8,2015-12-02,2.1,",,W",,,,,,,,,2241.0,",,W",1.0,",,W",,,,,,,,,14.4,",,W",7.8,",,W",,,,,290.0,",,W",270.0,",,W",,,,,6.7,",,W",8.9,",,W",,,1.0,",,W",,,,,,,,,,,,,,
USW00054787,"FARMINGDALE REPUBLIC AIRPORT, NY US",40.73443,-73.41637,22.8,2015-12-03,5.7,",,W",,,,,,,,,1355.0,",,W",0.0,",,W",,,,,,,,,13.3,",,W",6.7,",,W",,,,,330.0,",,W",320.0,",,W",,,,,10.7,",,W",14.8,",,W",,,,,,,,,,,,,,,,,,
USW00054787,"FARMINGDALE REPUBLIC AIRPORT, NY US",40.73443,-73.41637,22.8,2015-12-04,2.7,",,W",,,,,,,,,1125.0,",,W",0.0,"T,,W",,,,,,,,,11.1,",,W",3.9,",,W",,,,,300.0,",,W",310.0,",,W",,,,,6.3,",,W",8.9,",,W",,,,,,,,,,,,,,,,,,
USW00054787,"FARMINGDALE REPUBLIC AIRPORT, NY US",40.73443,-73.41637,22.8,2015-12-05,1.5,",,W",,,,,,,,,926.0,",,W",0.0,",,W",,,,,,,,,11.7,",,W",0.0,",,W",,,,,20.0,",,W",10.0,",,W",,,,,6.7,",,W",8.1,",,W",,,,,,,,,,,,,,,,,,
USW00054787,"FARMINGDALE REPUBLIC AIRPORT, NY US",40.73443,-73.41637,22.8,2015-12-06,1.7,",,W",,,,,,,,,1212.0,",,W",0.0,",,W",,,,,,,,,12.2,",,W",-0.5,",,W",,,,,210.0,",,W",230.0,",,W",,,,,5.4,",,W",7.2,",,W",,,,,,,,,,,,,,,,,,
USW00054787,"FARMINGDALE REPUBLIC AIRPORT, NY US",40.73443,-73.41637,22.8,2015-12-07,1.9,",,W",,,,,,,,,2347.0,",,W",0.0,",,W",,,,,,,,,13.9,",,W",2.2,",,W",,,,,350.0,",,W",340.0,",,W",,,,,5.4,",,W",7.2,",,W",1.0,",,W",,,,,,,,,,,1.0,",,W",,,,
USW00054787,"FARMINGDALE REPUBLIC AIRPORT, NY US",40.73443,-73.41637,22.8,2015-12-08,3.3,",,W",,,,,,,,,931.0,",,W",0.0,",,W",,,,,,,,,10.0,",,W",2.2,",,W",,,,,30.0,",,W",30.0,",,W",,,,,8.1,",,W",11.6,",,W",,,,,,,,,,,,,,,,,,
USW00054787,"FARMINGDALE REPUBLIC AIRPORT, NY US",40.73443,-73.41637,22.8,2015-12-09,3.1,",,W",,,,,,,,,1317.0,",,W",0.0,",,W",,,,,,,,,12.2,",,W",0.6,",,W",,,,,170.0,",,W",170.0,",,W",,,,,6.7,",,W",8.9,",,W",,,,,,,,,,,,,,,,,,
USW00054787,"FARMINGDALE REPUBLIC AIRPORT, NY US",40.73443,-73.41637,22.8,2015-12-10,2.1,",,W",,,,,,,,,216.0,",,W",0.0,",,W",,,,,,,,,16.1,",,W",7.8,",,W",,,,,190.0,",,W",180.0,",,W",,,,,7.2,",,W",8.9,",,W",,,,,,,,,,,,,,,,,,
USW00054787,"FARMINGDALE REPUBLIC AIRPORT, NY US",40.73443,-73.41637,22.8,2015-12-11,2.2,",,W",,,,,,,,,1226.0,",,W",0.0,",,W",,,,,,,,,15.6,",,W",6.1,",,W",,,,,200.0,",,W",210.0,",,W",,,,,5.8,",,W",7.6,",,W",,,,,,,,,,,,,,,,,,
USW00054787,"FARMINGDALE REPUBLIC AIRPORT, NY US",40.73443,-73.41637,22.8,2015-12-12,1.3,",,W",,,,,,,,,130.0,",,W",0.0,",,W",,,,,,,,,18.9,",,W",7.8,",,W",,,,,200.0,",,W",270.0,",,W",,,,,4.0,",,W",4.9,",,W",,,,,,,,,,,,,,,,,,
USW00054787,"FARMINGDALE REPUBLIC AIRPORT, NY US",40.73443,-73.41637,22.8,2015-12-13,2.2,",,W",,,,,,,,,2139.0,",,W",0.0,",,W",,,,,,,,,20.6,",,W",10.6,",,W",,,,,90.0,",,W",100.0,",,W",,,,,6.3,",,W",8.1,",,W",,,,,,,,,,,,,,,,,,
USW00054787,"FARMINGDALE REPUBLIC AIRPORT, NY US",40.73443,-73.41637,22.8,2015-12-14,4.3,",,W",,,,,,,,,2315.0,",,W",12.2,",,W",,,,,,,,,16.1,",,W",11.7,",,W",,,,,210.0,",,W",210.0,",,W",,,,,11.2,",,W",15.2,",,W",,,,,,,,,,,,,,,,,,
USW00054787,"FARMINGDALE REPUBLIC AIRPORT, NY US",40.73443,-73.41637,22.8,2015-12-15,6.6,",,W",,,,,,,,,7.0,",,W",0.5,",,W",,,,,,,,,17.2,",,W",11.7,",,W",,,,,210.0,",,W",220.0,",,W",,,,,11.6,",,W",17.0,",,W",,,,,,,,,,,,,,,,,,
USW00054787,"FARMINGDALE REPUBLIC AIRPORT, NY US",40.73443,-73.41637,22.8,2015-12-16,4.2,",,W",,,,,,,,,944.0,",,W",0.8,",,W",,,,,,,,,11.7,",,W",6.1,",,W",,,,,150.0,",,W",70.0,",,W",,,,,7.2,",,W",9.8,",,W",,,,,,,,,,,,,,,,,,
USW00054787,"FARMINGDALE REPUBLIC AIRPORT, NY US",40.73443,-73.41637,22.8,2015-12-17,3.5,",,W",,,,,,,,,1434.0,",,W",26.4,",,W",,,,,,,,,15.0,",,W",9.4,",,W",,,,,160.0,",,W",140.0,",,W",,,,,7.2,",,W",8.9,",,W",,,,,,,,,,,,,,,,,,
USW00054787,"FARMINGDALE REPUBLIC AIRPORT, NY US",40.73443,-73.41637,22.8,2015-12-18,3.9,",,W",,,,,,,,,2133.0,",,W",0.5,",,W",,,,,,,,,13.3,",,W",3.3,",,W",,,,,310.0,",,W",300.0,",,W",,,,,7.2,",,W",10.3,",,W",,,,,,,,,,,,,,,,,,
USW00054787,"FARMINGDALE REPUBLIC AIRPORT, NY US",40.73443,-73.41637,22.8,2015-12-19,6.8,",,W",,,,,,,,,1600.0,",,W",0.0,",,W",,,,,,,,,4.4,",,W",2.2,",,W",,,,,290.0,",,W",270.0,",,W",,,,,11.2,",,W",15.7,",,W",,,,,,,,,,,,,,,,,,
USW00054787,"FARMINGDALE REPUBLIC AIRPORT, NY US",40.73443,-73.41637,22.8,2015-12-20,3.6,",,W",,,,,,,,,51.0,",,W",0.0,",,W",,,,,,,,,6.1,",,W",1.1,",,W",,,,,290.0,",,W",310.0,",,W",,,,,8.1,",,W",14.8,",,W",,,,,,,,,,,,,,,,,,
USW00054787,"FARMINGDALE REPUBLIC AIRPORT, NY US",40.73443,-73.41637,22.8,2015-12-21,5.0,",,W",,,,,,,,,451.0,",,W",0.0,",,W",,,,,,,,,12.8,",,W",2.2,",,W",,,,,220.0,",,W",240.0,",,W",,,,,8.9,",,W",12.5,",,W",,,,,,,,,,,,,,,,,,
USW00054787,"FARMINGDALE REPUBLIC AIRPORT, NY US",40.73443,-73.41637,22.8,2015-12-22,2.9,",,W",,,,,,,,,1408.0,",,W",4.8,",,W",,,,,,,,,15.0,",,W",11.1,",,W",,,,,210.0,",,W",220.0,",,W",,,,,8.9,",,W",10.3,",,W",,,,,,,,,,,,,,,,,,
USW00054787,"FARMINGDALE REPUBLIC AIRPORT, NY US",40.73443,-73.41637,22.8,2015-12-23,3.9,",,W",,,,,,,,,1738.0,",,W",28.2,",,W",,,,,,,,,17.8,",,W",7.8,",,W",,,,,130.0,",,W",130.0,",,W",,,,,11.2,",,W",14.3,",,W",,,,,,,,,,,,,,,,,,
USW00054787,"FARMINGDALE REPUBLIC AIRPORT, NY US",40.73443,-73.41637,22.8,2015-12-24,4.0,",,W",,,,,,,,,20.0,",,W",0.0,"T,,W",,,,,,,,,18.3,",,W",12.2,",,W",,,,,210.0,",,W",220.0,",,W",,,,,10.3,",,W",14.3,",,W",,,,,,,,,,,,,,,,,,
USW00054787,"FARMINGDALE REPUBLIC AIRPORT, NY US",40.73443,-73.41637,22.8,2015-12-25,0.7,",,W",,,,,,,,,2339.0,",,W",1.0,",,W",,,,,,,,,18.9,",,W",10.6,",,W",,,,,350.0,",,W",340.0,",,W",,,,,4.0,",,W",5.4,",,W",,,,,,,,,,,,,,,,,,
USW00054787,"FARMINGDALE REPUBLIC AIRPORT, NY US",40.73443,-73.41637,22.8,2015-12-26,4.3,",,W",,,,,,,,,46.0,",,W",0.0,"T,,W",,,,,,,,,15.0,",,W",10.0,",,W",,,,,20.0,",,W",20.0,",,W",,,,,8.1,",,W",11.6,",,W",,,,,,,,,,,,,,,,,,
USW00054787,"FARMINGDALE REPUBLIC AIRPORT, NY US",40.73443,-73.41637,22.8,2015-12-27,4.8,",,W",,,,,,,,,2332.0,",,W",1.3,",,W",,,,,,,,,16.7,",,W",8.9,",,W",,,,,360.0,",,W",10.0,",,W",,,,,10.3,",,W",13.4,",,W",,,,,,,,,,,,,,,,,,
USW00054787,"FARMINGDALE REPUBLIC AIRPORT, NY US",40.73443,-73.41637,22.8,2015-12-28,5.6,",,W",,,,,,,,,234.0,",,W",0.5,",,W",,,,,,,,,8.9,",,W",1.1,",,W",,,,,20.0,",,W",360.0,",,W",,,,,9.4,",,W",12.1,",,W",,,,,,,,,,,,,,,,,,
USW00054787,"FARMINGDALE REPUBLIC AIRPORT, NY US",40.73443,-73.41637,22.8,2015-12-29,4.8,",,W",,,,,,,,,549.0,",,W",10.4,",,W",,,,,,,,,9.4,",,W",1.1,",,W",,,,,90.0,",,W",90.0,",,W",,,,,10.3,",,W",14.3,",,W",,,,,,,,,,,,,,,,,,
USW00054787,"FARMINGDALE REPUBLIC AIRPORT, NY US",40.73443,-73.41637,22.8,2015-12-30,2.4,",,W",,,,,,,,,2111.0,",,W",4.3,",,W",,,,,,,,,10.6,",,W",3.9,",,W",,,,,110.0,",,W",110.0,",,W",,,,,5.8,",,W",7.2,",,W",,,,,,,,,,,,,,,,,,
USW00054787,"FARMINGDALE REPUBLIC AIRPORT, NY US",40.73443,-73.41637,22.8,2015-12-31,3.7,",,W",,,,,,,,,1209.0,",,W",1.8,",,W",,,,,,,,,11.1,",,W",6.1,",,W",,,,,330.0,",,W",330.0,",,W",,,,,7.6,",,W",10.3,",,W",,,,,,,,,,,,,,,,,,
